"title","rating","rating_description"
"Academy Dinosaur","PG","Parental Guidance Suggested"
"Ace Goldfinger","G","General Audiences"
"Adaptation Holes","NC-17","Adults Only"
"Affair Prejudice","G","General Audiences"
"African Egg","G","General Audiences"
"Agent Truman","PG","Parental Guidance Suggested"
"Airplane Sierra","PG-13","Parents Strongly Cautioned"
"Airport Pollock","R","Restricted"
"Alabama Devil","PG-13","Parents Strongly Cautioned"
"Aladdin Calendar","NC-17","Adults Only"
"Alamo Videotape","G","General Audiences"
"Alaska Phantom","PG","Parental Guidance Suggested"
"Ali Forever","PG","Parental Guidance Suggested"
"Alice Fantasia","NC-17","Adults Only"
"Alien Center","NC-17","Adults Only"
"Alley Evolution","NC-17","Adults Only"
"Alone Trip","R","Restricted"
"Alter Victory","PG-13","Parents Strongly Cautioned"
"Amadeus Holy","PG","Parental Guidance Suggested"
"Amelie Hellfighters","R","Restricted"
"American Circus","R","Restricted"
"Amistad Midsummer","G","General Audiences"
"Anaconda Confessions","R","Restricted"
"Analyze Hoosiers","R","Restricted"
"Angels Life","G","General Audiences"
"Annie Identity","G","General Audiences"
"Anonymous Human","NC-17","Adults Only"
"Anthem Luke","PG-13","Parents Strongly Cautioned"
"Antitrust Tomatoes","NC-17","Adults Only"
"Anything Savannah","R","Restricted"
"Apache Divine","NC-17","Adults Only"
"Apocalypse Flamingos","R","Restricted"
"Apollo Teen","PG-13","Parents Strongly Cautioned"
"Arabia Dogma","NC-17","Adults Only"
"Arachnophobia Rollercoaster","PG-13","Parents Strongly Cautioned"
"Argonauts Town","PG-13","Parents Strongly Cautioned"
"Arizona Bang","PG","Parental Guidance Suggested"
"Ark Ridgemont","NC-17","Adults Only"
"Armageddon Lost","G","General Audiences"
"Army Flintstones","R","Restricted"
"Arsenic Independence","PG","Parental Guidance Suggested"
"Artist Coldblooded","NC-17","Adults Only"
"Atlantis Cause","G","General Audiences"
"Attacks Hate","PG-13","Parents Strongly Cautioned"
"Attraction Newton","PG-13","Parents Strongly Cautioned"
"Autumn Crow","G","General Audiences"
"Baby Hall","NC-17","Adults Only"
"Backlash Undefeated","PG-13","Parents Strongly Cautioned"
"Badman Dawn","R","Restricted"
"Baked Cleopatra","G","General Audiences"
"Balloon Homeward","NC-17","Adults Only"
"Ballroom Mockingbird","G","General Audiences"
"Bang Kwai","NC-17","Adults Only"
"Banger Pinocchio","R","Restricted"
"Barbarella Streetcar","G","General Audiences"
"Barefoot Manchurian","G","General Audiences"
"Basic Easy","PG-13","Parents Strongly Cautioned"
"Beach Heartbreakers","G","General Audiences"
"Bear Graceland","R","Restricted"
"Beast Hunchback","R","Restricted"
"Beauty Grease","G","General Audiences"
"Bed Highball","NC-17","Adults Only"
"Bedazzled Married","PG","Parental Guidance Suggested"
"Beethoven Exorcist","PG-13","Parents Strongly Cautioned"
"Behavior Runaway","PG","Parental Guidance Suggested"
"Beneath Rush","NC-17","Adults Only"
"Berets Agent","PG-13","Parents Strongly Cautioned"
"Betrayed Rear","NC-17","Adults Only"
"Beverly Outlaw","R","Restricted"
"Bikini Borrowers","NC-17","Adults Only"
"Bilko Anonymous","PG-13","Parents Strongly Cautioned"
"Bill Others","PG","Parental Guidance Suggested"
"Bingo Talented","PG-13","Parents Strongly Cautioned"
"Birch Antitrust","PG","Parental Guidance Suggested"
"Bird Independence","G","General Audiences"
"Birdcage Casper","NC-17","Adults Only"
"Birds Perdition","G","General Audiences"
"Blackout Private","PG","Parental Guidance Suggested"
"Blade Polish","PG-13","Parents Strongly Cautioned"
"Blanket Beverly","G","General Audiences"
"Blindness Gun","PG-13","Parents Strongly Cautioned"
"Blood Argonauts","G","General Audiences"
"Blues Instinct","G","General Audiences"
"Boiled Dares","PG","Parental Guidance Suggested"
"Bonnie Holocaust","G","General Audiences"
"Boogie Amelie","R","Restricted"
"Boondock Ballroom","NC-17","Adults Only"
"Born Spinal","PG","Parental Guidance Suggested"
"Borrowers Bedazzled","G","General Audiences"
"Boulevard Mob","R","Restricted"
"Bound Cheaper","PG","Parental Guidance Suggested"
"Bowfinger Gables","NC-17","Adults Only"
"Brannigan Sunrise","PG","Parental Guidance Suggested"
"Braveheart Human","PG-13","Parents Strongly Cautioned"
"Breakfast Goldfinger","G","General Audiences"
"Breaking Home","PG-13","Parents Strongly Cautioned"
"Bride Intrigue","G","General Audiences"
"Bright Encounters","PG-13","Parents Strongly Cautioned"
"Bringing Hysterical","PG","Parental Guidance Suggested"
"Brooklyn Desert","R","Restricted"
"Brotherhood Blanket","R","Restricted"
"Bubble Grosse","R","Restricted"
"Bucket Brotherhood","PG","Parental Guidance Suggested"
"Bugsy Song","G","General Audiences"
"Bull Shawshank","NC-17","Adults Only"
"Bulworth Commandments","G","General Audiences"
"Bunch Minds","G","General Audiences"
"Butch Panther","PG-13","Parents Strongly Cautioned"
"Butterfly Chocolat","G","General Audiences"
"Cabin Flash","NC-17","Adults Only"
"Caddyshack Jedi","NC-17","Adults Only"
"Calendar Gunfight","NC-17","Adults Only"
"California Birds","NC-17","Adults Only"
"Camelot Vacation","NC-17","Adults Only"
"Campus Remember","R","Restricted"
"Candidate Perdition","R","Restricted"
"Candles Grapes","NC-17","Adults Only"
"Canyon Stock","R","Restricted"
"Caper Motions","G","General Audiences"
"Caribbean Liberty","NC-17","Adults Only"
"Carol Texas","PG","Parental Guidance Suggested"
"Carrie Bunch","PG","Parental Guidance Suggested"
"Casablanca Super","G","General Audiences"
"Casper Dragonfly","PG-13","Parents Strongly Cautioned"
"Cassidy Wyoming","NC-17","Adults Only"
"Casualties Encino","G","General Audiences"
"Cat Coneheads","G","General Audiences"
"Catch Amistad","G","General Audiences"
"Cause Date","R","Restricted"
"Celebrity Horn","PG-13","Parents Strongly Cautioned"
"Center Dinosaur","PG","Parental Guidance Suggested"
"Chainsaw Uptown","PG","Parental Guidance Suggested"
"Chamber Italian","NC-17","Adults Only"
"Champion Flatliners","PG","Parental Guidance Suggested"
"Chance Resurrection","R","Restricted"
"Chaplin License","NC-17","Adults Only"
"Charade Duffel","PG","Parental Guidance Suggested"
"Chariots Conspiracy","R","Restricted"
"Chasing Fight","PG","Parental Guidance Suggested"
"Cheaper Clyde","G","General Audiences"
"Chicago North","PG-13","Parents Strongly Cautioned"
"Chicken Hellfighters","PG","Parental Guidance Suggested"
"Chill Luck","PG","Parental Guidance Suggested"
"Chinatown Gladiator","PG","Parental Guidance Suggested"
"Chisum Behavior","G","General Audiences"
"Chitty Lock","G","General Audiences"
"Chocolat Harry","NC-17","Adults Only"
"Chocolate Duck","R","Restricted"
"Christmas Moonshine","NC-17","Adults Only"
"Cider Desire","PG","Parental Guidance Suggested"
"Cincinatti Whisperer","NC-17","Adults Only"
"Circus Youth","PG-13","Parents Strongly Cautioned"
"Citizen Shrek","G","General Audiences"
"Clash Freddy","G","General Audiences"
"Cleopatra Devil","PG-13","Parents Strongly Cautioned"
"Clerks Angels","G","General Audiences"
"Clockwork Paradise","PG-13","Parents Strongly Cautioned"
"Clones Pinocchio","R","Restricted"
"Closer Bang","R","Restricted"
"Club Graffiti","PG-13","Parents Strongly Cautioned"
"Clue Grail","NC-17","Adults Only"
"Clueless Bucket","R","Restricted"
"Clyde Theory","PG-13","Parents Strongly Cautioned"
"Coast Rainbow","PG","Parental Guidance Suggested"
"Coldblooded Darling","G","General Audiences"
"Color Philadelphia","G","General Audiences"
"Coma Head","NC-17","Adults Only"
"Comancheros Enemy","R","Restricted"
"Comforts Rush","NC-17","Adults Only"
"Command Darling","PG-13","Parents Strongly Cautioned"
"Commandments Express","R","Restricted"
"Coneheads Smoochy","NC-17","Adults Only"
"Confessions Maguire","PG-13","Parents Strongly Cautioned"
"Confidential Interview","NC-17","Adults Only"
"Confused Candles","PG-13","Parents Strongly Cautioned"
"Congeniality Quest","PG-13","Parents Strongly Cautioned"
"Connecticut Tramp","R","Restricted"
"Connection Microcosmos","G","General Audiences"
"Conquerer Nuts","G","General Audiences"
"Conspiracy Spirit","PG-13","Parents Strongly Cautioned"
"Contact Anonymous","PG-13","Parents Strongly Cautioned"
"Control Anthem","G","General Audiences"
"Conversation Downhill","R","Restricted"
"Core Suit","PG-13","Parents Strongly Cautioned"
"Cowboy Doom","PG","Parental Guidance Suggested"
"Craft Outfield","NC-17","Adults Only"
"Cranes Reservoir","NC-17","Adults Only"
"Crazy Home","PG","Parental Guidance Suggested"
"Creatures Shakespeare","NC-17","Adults Only"
"Creepers Kane","NC-17","Adults Only"
"Crooked Frogmen","PG-13","Parents Strongly Cautioned"
"Crossing Divorce","R","Restricted"
"Crossroads Casualties","G","General Audiences"
"Crow Grease","PG","Parental Guidance Suggested"
"Crowds Telemark","R","Restricted"
"Cruelty Unforgiven","G","General Audiences"
"Crusade Honey","R","Restricted"
"Crystal Breaking","NC-17","Adults Only"
"Cupboard Sinners","R","Restricted"
"Curtain Videotape","PG-13","Parents Strongly Cautioned"
"Cyclone Family","PG","Parental Guidance Suggested"
"Daddy Pittsburgh","G","General Audiences"
"Daisy Menagerie","G","General Audiences"
"Dalmations Sweden","PG","Parental Guidance Suggested"
"Dances None","NC-17","Adults Only"
"Dancing Fever","G","General Audiences"
"Dangerous Uptown","PG","Parental Guidance Suggested"
"Dares Pluto","PG-13","Parents Strongly Cautioned"
"Darkness War","NC-17","Adults Only"
"Darko Dorado","NC-17","Adults Only"
"Darling Breaking","PG-13","Parents Strongly Cautioned"
"Darn Forrester","G","General Audiences"
"Date Speed","R","Restricted"
"Daughter Madigan","PG-13","Parents Strongly Cautioned"
"Dawn Pond","PG","Parental Guidance Suggested"
"Day Unfaithful","G","General Audiences"
"Dazed Punk","G","General Audiences"
"Deceiver Betrayed","NC-17","Adults Only"
"Deep Crusade","PG-13","Parents Strongly Cautioned"
"Deer Virginian","NC-17","Adults Only"
"Deliverance Mulholland","R","Restricted"
"Desert Poseidon","R","Restricted"
"Desire Alien","NC-17","Adults Only"
"Desperate Trainspotting","G","General Audiences"
"Destination Jerk","PG-13","Parents Strongly Cautioned"
"Destiny Saturday","G","General Audiences"
"Details Packer","R","Restricted"
"Detective Vision","PG-13","Parents Strongly Cautioned"
"Devil Desire","R","Restricted"
"Diary Panic","G","General Audiences"
"Dinosaur Secretary","R","Restricted"
"Dirty Ace","NC-17","Adults Only"
"Disciple Mother","PG","Parental Guidance Suggested"
"Disturbing Scarface","R","Restricted"
"Divide Monster","PG-13","Parents Strongly Cautioned"
"Divine Resurrection","R","Restricted"
"Divorce Shining","G","General Audiences"
"Doctor Grail","G","General Audiences"
"Dogma Family","G","General Audiences"
"Dolls Rage","PG-13","Parents Strongly Cautioned"
"Donnie Alley","NC-17","Adults Only"
"Doom Dancing","R","Restricted"
"Doors President","NC-17","Adults Only"
"Dorado Notting","NC-17","Adults Only"
"Double Wrath","R","Restricted"
"Doubtfire Labyrinth","R","Restricted"
"Downhill Enough","G","General Audiences"
"Dozen Lion","NC-17","Adults Only"
"Dracula Crystal","G","General Audiences"
"Dragon Squad","NC-17","Adults Only"
"Dragonfly Strangers","NC-17","Adults Only"
"Dream Pickup","PG","Parental Guidance Suggested"
"Drifter Commandments","PG-13","Parents Strongly Cautioned"
"Driver Annie","PG-13","Parents Strongly Cautioned"
"Driving Polish","NC-17","Adults Only"
"Drop Waterfront","R","Restricted"
"Drumline Cyclone","G","General Audiences"
"Drums Dynamite","PG","Parental Guidance Suggested"
"Duck Racer","NC-17","Adults Only"
"Dude Blindness","G","General Audiences"
"Duffel Apocalypse","G","General Audiences"
"Dumbo Lust","NC-17","Adults Only"
"Durham Panky","R","Restricted"
"Dwarfs Alter","G","General Audiences"
"Dying Maker","PG","Parental Guidance Suggested"
"Dynamite Tarzan","PG-13","Parents Strongly Cautioned"
"Eagles Panky","NC-17","Adults Only"
"Early Home","NC-17","Adults Only"
"Earring Instinct","R","Restricted"
"Earth Vision","NC-17","Adults Only"
"Easy Gladiator","G","General Audiences"
"Edge Kissing","NC-17","Adults Only"
"Effect Gladiator","PG","Parental Guidance Suggested"
"Egg Igby","PG","Parental Guidance Suggested"
"Egypt Tenenbaums","PG","Parental Guidance Suggested"
"Element Freddy","NC-17","Adults Only"
"Elephant Trojan","PG-13","Parents Strongly Cautioned"
"Elf Murder","NC-17","Adults Only"
"Elizabeth Shane","NC-17","Adults Only"
"Empire Malkovich","G","General Audiences"
"Encino Elf","G","General Audiences"
"Encounters Curtain","NC-17","Adults Only"
"Ending Crowds","NC-17","Adults Only"
"Enemy Odds","NC-17","Adults Only"
"English Bulworth","PG-13","Parents Strongly Cautioned"
"Enough Raging","NC-17","Adults Only"
"Entrapment Satisfaction","R","Restricted"
"Escape Metropolis","R","Restricted"
"Eve Resurrection","G","General Audiences"
"Everyone Craft","PG","Parental Guidance Suggested"
"Evolution Alter","PG-13","Parents Strongly Cautioned"
"Excitement Eve","G","General Audiences"
"Exorcist Sting","G","General Audiences"
"Expecations Natural","PG-13","Parents Strongly Cautioned"
"Expendable Stallion","PG","Parental Guidance Suggested"
"Express Lonely","R","Restricted"
"Extraordinary Conquerer","G","General Audiences"
"Eyes Driving","PG-13","Parents Strongly Cautioned"
"Factory Dragon","PG-13","Parents Strongly Cautioned"
"Falcon Volume","PG-13","Parents Strongly Cautioned"
"Family Sweet","R","Restricted"
"Fantasia Park","G","General Audiences"
"Fantasy Troopers","PG-13","Parents Strongly Cautioned"
"Fargo Gandhi","G","General Audiences"
"Fatal Haunted","PG","Parental Guidance Suggested"
"Feathers Metal","PG-13","Parents Strongly Cautioned"
"Fellowship Autumn","NC-17","Adults Only"
"Ferris Mother","PG","Parental Guidance Suggested"
"Feud Frogmen","R","Restricted"
"Fever Empire","R","Restricted"
"Fiction Christmas","PG","Parental Guidance Suggested"
"Fiddler Lost","R","Restricted"
"Fidelity Devil","G","General Audiences"
"Fight Jawbreaker","R","Restricted"
"Finding Anaconda","R","Restricted"
"Fire Wolves","R","Restricted"
"Fireball Philadelphia","PG","Parental Guidance Suggested"
"Firehouse Vietnam","G","General Audiences"
"Fish Opus","R","Restricted"
"Flamingos Connecticut","PG-13","Parents Strongly Cautioned"
"Flash Wars","NC-17","Adults Only"
"Flatliners Killer","G","General Audiences"
"Flight Lies","R","Restricted"
"Flintstones Happiness","PG-13","Parents Strongly Cautioned"
"Floats Garden","PG-13","Parents Strongly Cautioned"
"Flying Hook","NC-17","Adults Only"
"Fool Mockingbird","PG","Parental Guidance Suggested"
"Forever Candidate","NC-17","Adults Only"
"Forrest Sons","R","Restricted"
"Forrester Comancheros","NC-17","Adults Only"
"Forward Temple","NC-17","Adults Only"
"Frankenstein Stranger","NC-17","Adults Only"
"Freaky Pocus","R","Restricted"
"Freddy Storm","NC-17","Adults Only"
"Freedom Cleopatra","PG-13","Parents Strongly Cautioned"
"French Holiday","PG","Parental Guidance Suggested"
"Frida Slipper","R","Restricted"
"Frisco Forrest","PG","Parental Guidance Suggested"
"Frogmen Breaking","R","Restricted"
"Frontier Cabin","PG-13","Parents Strongly Cautioned"
"Frost Head","PG","Parental Guidance Suggested"
"Fugitive Maguire","R","Restricted"
"Full Flatliners","PG","Parental Guidance Suggested"
"Fury Murder","PG-13","Parents Strongly Cautioned"
"Gables Metropolis","PG","Parental Guidance Suggested"
"Galaxy Sweethearts","R","Restricted"
"Games Bowfinger","PG-13","Parents Strongly Cautioned"
"Gandhi Kwai","PG-13","Parents Strongly Cautioned"
"Gangs Pride","PG-13","Parents Strongly Cautioned"
"Garden Island","G","General Audiences"
"Gaslight Crusade","PG","Parental Guidance Suggested"
"Gathering Calendar","PG-13","Parents Strongly Cautioned"
"Gentlemen Stage","NC-17","Adults Only"
"Ghost Groundhog","G","General Audiences"
"Ghostbusters Elf","R","Restricted"
"Giant Troopers","R","Restricted"
"Gilbert Pelican","G","General Audiences"
"Gilmore Boiled","R","Restricted"
"Gladiator Westward","PG","Parental Guidance Suggested"
"Glass Dying","G","General Audiences"
"Gleaming Jawbreaker","NC-17","Adults Only"
"Glory Tracy","PG-13","Parents Strongly Cautioned"
"Go Purple","R","Restricted"
"Godfather Diary","NC-17","Adults Only"
"Gold River","R","Restricted"
"Goldfinger Sensibility","G","General Audiences"
"Goldmine Tycoon","R","Restricted"
"Gone Trouble","R","Restricted"
"Goodfellas Salute","PG","Parental Guidance Suggested"
"Gorgeous Bingo","R","Restricted"
"Gosford Donnie","G","General Audiences"
"Graceland Dynamite","R","Restricted"
"Graduate Lord","G","General Audiences"
"Graffiti Love","PG","Parental Guidance Suggested"
"Grail Frankenstein","NC-17","Adults Only"
"Grapes Fury","G","General Audiences"
"Grease Youth","G","General Audiences"
"Greatest North","NC-17","Adults Only"
"Greedy Roots","R","Restricted"
"Greek Everyone","PG","Parental Guidance Suggested"
"Grinch Massage","R","Restricted"
"Grit Clockwork","PG","Parental Guidance Suggested"
"Groove Fiction","NC-17","Adults Only"
"Grosse Wonderful","R","Restricted"
"Groundhog Uncut","PG-13","Parents Strongly Cautioned"
"Gump Date","NC-17","Adults Only"
"Gun Bonnie","G","General Audiences"
"Gunfight Moon","NC-17","Adults Only"
"Gunfighter Mussolini","PG-13","Parents Strongly Cautioned"
"Guys Falcon","R","Restricted"
"Half Outfield","PG-13","Parents Strongly Cautioned"
"Hall Cassidy","NC-17","Adults Only"
"Halloween Nuts","PG-13","Parents Strongly Cautioned"
"Hamlet Wisdom","R","Restricted"
"Handicap Boondock","R","Restricted"
"Hanging Deep","G","General Audiences"
"Hanky October","NC-17","Adults Only"
"Hanover Galaxy","NC-17","Adults Only"
"Happiness United","G","General Audiences"
"Hardly Robbers","R","Restricted"
"Harold French","NC-17","Adults Only"
"Harper Dying","G","General Audiences"
"Harry Idaho","PG-13","Parents Strongly Cautioned"
"Hate Handicap","PG","Parental Guidance Suggested"
"Haunted Antitrust","NC-17","Adults Only"
"Haunting Pianist","R","Restricted"
"Hawk Chill","PG-13","Parents Strongly Cautioned"
"Head Stranger","R","Restricted"
"Heartbreakers Bright","G","General Audiences"
"Heaven Freedom","PG","Parental Guidance Suggested"
"Heavenly Gun","NC-17","Adults Only"
"Heavyweights Beast","G","General Audiences"
"Hedwig Alter","NC-17","Adults Only"
"Hellfighters Sierra","PG","Parental Guidance Suggested"
"High Encino","R","Restricted"
"Highball Potter","R","Restricted"
"Hills Neighbors","G","General Audiences"
"Hobbit Alien","PG-13","Parents Strongly Cautioned"
"Hocus Frida","G","General Audiences"
"Holes Brannigan","PG","Parental Guidance Suggested"
"Holiday Games","PG-13","Parents Strongly Cautioned"
"Hollow Jeopardy","NC-17","Adults Only"
"Hollywood Anonymous","PG","Parental Guidance Suggested"
"Holocaust Highball","R","Restricted"
"Holy Tadpole","R","Restricted"
"Home Pity","R","Restricted"
"Homeward Cider","R","Restricted"
"Homicide Peach","PG-13","Parents Strongly Cautioned"
"Honey Ties","R","Restricted"
"Hook Chariots","G","General Audiences"
"Hoosiers Birdcage","G","General Audiences"
"Hope Tootsie","NC-17","Adults Only"
"Horn Working","PG","Parental Guidance Suggested"
"Horror Reign","R","Restricted"
"Hotel Happiness","PG-13","Parents Strongly Cautioned"
"Hours Rage","NC-17","Adults Only"
"House Dynamite","R","Restricted"
"Human Graffiti","NC-17","Adults Only"
"Hunchback Impossible","PG-13","Parents Strongly Cautioned"
"Hunger Roof","G","General Audiences"
"Hunter Alter","PG-13","Parents Strongly Cautioned"
"Hunting Musketeers","NC-17","Adults Only"
"Hurricane Affair","PG","Parental Guidance Suggested"
"Hustler Party","NC-17","Adults Only"
"Hyde Doctor","G","General Audiences"
"Hysterical Grail","PG","Parental Guidance Suggested"
"Ice Crossing","R","Restricted"
"Idaho Love","PG-13","Parents Strongly Cautioned"
"Identity Lover","PG-13","Parents Strongly Cautioned"
"Idols Snatchers","NC-17","Adults Only"
"Igby Maker","NC-17","Adults Only"
"Illusion Amelie","R","Restricted"
"Image Princess","PG-13","Parents Strongly Cautioned"
"Impact Aladdin","PG-13","Parents Strongly Cautioned"
"Impossible Prejudice","NC-17","Adults Only"
"Inch Jet","NC-17","Adults Only"
"Independence Hotel","NC-17","Adults Only"
"Indian Love","NC-17","Adults Only"
"Informer Double","NC-17","Adults Only"
"Innocent Usual","PG-13","Parents Strongly Cautioned"
"Insects Stone","NC-17","Adults Only"
"Insider Arizona","NC-17","Adults Only"
"Instinct Airport","PG","Parental Guidance Suggested"
"Intentions Empire","PG-13","Parents Strongly Cautioned"
"Interview Liaisons","R","Restricted"
"Intolerable Intentions","PG-13","Parents Strongly Cautioned"
"Intrigue Worst","G","General Audiences"
"Invasion Cyclone","PG","Parental Guidance Suggested"
"Iron Moon","PG","Parental Guidance Suggested"
"Ishtar Rocketeer","R","Restricted"
"Island Exorcist","NC-17","Adults Only"
"Italian African","G","General Audiences"
"Jacket Frisco","PG-13","Parents Strongly Cautioned"
"Jade Bunch","NC-17","Adults Only"
"Japanese Run","G","General Audiences"
"Jason Trap","NC-17","Adults Only"
"Jawbreaker Brooklyn","PG","Parental Guidance Suggested"
"Jaws Harry","G","General Audiences"
"Jedi Beneath","PG","Parental Guidance Suggested"
"Jeepers Wedding","R","Restricted"
"Jekyll Frogmen","PG","Parental Guidance Suggested"
"Jeopardy Encino","R","Restricted"
"Jericho Mulan","NC-17","Adults Only"
"Jerk Paycheck","NC-17","Adults Only"
"Jersey Sassy","PG","Parental Guidance Suggested"
"Jet Neighbors","R","Restricted"
"Jingle Sagebrush","PG-13","Parents Strongly Cautioned"
"Joon Northwest","NC-17","Adults Only"
"Juggler Hardly","PG-13","Parents Strongly Cautioned"
"Jumanji Blade","G","General Audiences"
"Jumping Wrath","NC-17","Adults Only"
"Jungle Closer","NC-17","Adults Only"
"Kane Exorcist","R","Restricted"
"Karate Moon","PG-13","Parents Strongly Cautioned"
"Kentuckian Giant","PG","Parental Guidance Suggested"
"Kick Savannah","PG-13","Parents Strongly Cautioned"
"Kill Brotherhood","G","General Audiences"
"Killer Innocent","R","Restricted"
"King Evolution","NC-17","Adults Only"
"Kiss Glory","PG-13","Parents Strongly Cautioned"
"Kissing Dolls","R","Restricted"
"Knock Warlock","PG-13","Parents Strongly Cautioned"
"Kramer Chocolate","R","Restricted"
"Kwai Homeward","PG-13","Parents Strongly Cautioned"
"Labyrinth League","PG-13","Parents Strongly Cautioned"
"Lady Stage","PG","Parental Guidance Suggested"
"Ladybugs Armageddon","NC-17","Adults Only"
"Lambs Cincinatti","PG-13","Parents Strongly Cautioned"
"Language Cowboy","NC-17","Adults Only"
"Lawless Vision","G","General Audiences"
"Lawrence Love","NC-17","Adults Only"
"League Hellfighters","PG-13","Parents Strongly Cautioned"
"Leathernecks Dwarfs","PG-13","Parents Strongly Cautioned"
"Lebowski Soldiers","PG-13","Parents Strongly Cautioned"
"Legally Secretary","PG","Parental Guidance Suggested"
"Legend Jedi","PG","Parental Guidance Suggested"
"Lesson Cleopatra","NC-17","Adults Only"
"Liaisons Sweet","PG","Parental Guidance Suggested"
"Liberty Magnificent","G","General Audiences"
"License Weekend","NC-17","Adults Only"
"Lies Treatment","NC-17","Adults Only"
"Life Twisted","NC-17","Adults Only"
"Lights Deer","R","Restricted"
"Lion Uncut","PG","Parental Guidance Suggested"
"Loathing Legally","R","Restricted"
"Lock Rear","R","Restricted"
"Lola Agent","PG","Parental Guidance Suggested"
"Lolita World","NC-17","Adults Only"
"Lonely Elephant","G","General Audiences"
"Lord Arizona","PG-13","Parents Strongly Cautioned"
"Lose Inch","R","Restricted"
"Loser Hustler","PG","Parental Guidance Suggested"
"Lost Bird","PG-13","Parents Strongly Cautioned"
"Louisiana Harry","PG-13","Parents Strongly Cautioned"
"Love Suicides","R","Restricted"
"Lovely Jingle","PG","Parental Guidance Suggested"
"Lover Truman","G","General Audiences"
"Loverboy Attacks","PG-13","Parents Strongly Cautioned"
"Luck Opus","NC-17","Adults Only"
"Lucky Flying","PG-13","Parents Strongly Cautioned"
"Luke Mummy","NC-17","Adults Only"
"Lust Lock","G","General Audiences"
"Madigan Dorado","R","Restricted"
"Madison Trap","R","Restricted"
"Madness Attacks","PG-13","Parents Strongly Cautioned"
"Madre Gables","PG-13","Parents Strongly Cautioned"
"Magic Mallrats","PG","Parental Guidance Suggested"
"Magnificent Chitty","R","Restricted"
"Magnolia Forrester","PG-13","Parents Strongly Cautioned"
"Maguire Apache","NC-17","Adults Only"
"Maiden Home","PG","Parental Guidance Suggested"
"Majestic Floats","PG","Parental Guidance Suggested"
"Maker Gables","PG-13","Parents Strongly Cautioned"
"Malkovich Pet","G","General Audiences"
"Mallrats United","PG","Parental Guidance Suggested"
"Maltese Hope","PG-13","Parents Strongly Cautioned"
"Manchurian Curtain","PG","Parental Guidance Suggested"
"Mannequin Worst","PG-13","Parents Strongly Cautioned"
"Married Go","G","General Audiences"
"Mars Roman","NC-17","Adults Only"
"Mask Peach","NC-17","Adults Only"
"Masked Bubble","PG-13","Parents Strongly Cautioned"
"Massacre Usual","R","Restricted"
"Massage Image","PG","Parental Guidance Suggested"
"Matrix Snowman","PG-13","Parents Strongly Cautioned"
"Maude Mod","R","Restricted"
"Meet Chocolate","G","General Audiences"
"Memento Zoolander","NC-17","Adults Only"
"Menagerie Rushmore","G","General Audiences"
"Mermaid Insects","NC-17","Adults Only"
"Metal Armageddon","PG-13","Parents Strongly Cautioned"
"Metropolis Coma","PG-13","Parents Strongly Cautioned"
"Microcosmos Paradise","PG-13","Parents Strongly Cautioned"
"Midnight Westward","G","General Audiences"
"Midsummer Groundhog","G","General Audiences"
"Mighty Luck","PG","Parental Guidance Suggested"
"Mile Mulan","PG","Parental Guidance Suggested"
"Million Ace","PG-13","Parents Strongly Cautioned"
"Minds Truman","PG-13","Parents Strongly Cautioned"
"Mine Titans","PG-13","Parents Strongly Cautioned"
"Minority Kiss","G","General Audiences"
"Miracle Virtual","PG-13","Parents Strongly Cautioned"
"Mission Zoolander","PG-13","Parents Strongly Cautioned"
"Mixed Doors","PG-13","Parents Strongly Cautioned"
"Mob Duffel","G","General Audiences"
"Mockingbird Hollywood","PG","Parental Guidance Suggested"
"Mod Secretary","NC-17","Adults Only"
"Model Fish","NC-17","Adults Only"
"Modern Dorado","PG","Parental Guidance Suggested"
"Money Harold","PG","Parental Guidance Suggested"
"Monsoon Cause","PG","Parental Guidance Suggested"
"Monster Spartacus","PG","Parental Guidance Suggested"
"Monterey Labyrinth","G","General Audiences"
"Montezuma Command","NC-17","Adults Only"
"Moon Bunch","PG","Parental Guidance Suggested"
"Moonshine Cabin","PG-13","Parents Strongly Cautioned"
"Moonwalker Fool","G","General Audiences"
"Mosquito Armageddon","G","General Audiences"
"Mother Oleander","R","Restricted"
"Motions Details","PG","Parental Guidance Suggested"
"Moulin Wake","PG-13","Parents Strongly Cautioned"
"Mourning Purple","PG","Parental Guidance Suggested"
"Movie Shakespeare","PG","Parental Guidance Suggested"
"Mulan Moon","G","General Audiences"
"Mulholland Beast","PG","Parental Guidance Suggested"
"Mummy Creatures","NC-17","Adults Only"
"Muppet Mile","PG","Parental Guidance Suggested"
"Murder Antitrust","PG","Parental Guidance Suggested"
"Muscle Bright","G","General Audiences"
"Music Boondock","R","Restricted"
"Musketeers Wait","PG","Parental Guidance Suggested"
"Mussolini Spoilers","G","General Audiences"
"Mystic Truman","NC-17","Adults Only"
"Name Detective","PG-13","Parents Strongly Cautioned"
"Nash Chocolat","PG-13","Parents Strongly Cautioned"
"National Story","NC-17","Adults Only"
"Natural Stock","PG-13","Parents Strongly Cautioned"
"Necklace Outbreak","PG","Parental Guidance Suggested"
"Neighbors Charade","R","Restricted"
"Nemo Campus","NC-17","Adults Only"
"Network Peak","PG-13","Parents Strongly Cautioned"
"Newsies Story","G","General Audiences"
"Newton Labyrinth","PG","Parental Guidance Suggested"
"Nightmare Chill","PG","Parental Guidance Suggested"
"None Spiking","NC-17","Adults Only"
"Noon Papi","G","General Audiences"
"North Tequila","NC-17","Adults Only"
"Northwest Polish","PG","Parental Guidance Suggested"
"Notorious Reunion","NC-17","Adults Only"
"Notting Speakeasy","PG-13","Parents Strongly Cautioned"
"Novocaine Flight","G","General Audiences"
"Nuts Ties","NC-17","Adults Only"
"October Submarine","PG-13","Parents Strongly Cautioned"
"Odds Boogie","NC-17","Adults Only"
"Oklahoma Jumanji","PG","Parental Guidance Suggested"
"Oleander Clue","PG","Parental Guidance Suggested"
"Open African","PG","Parental Guidance Suggested"
"Operation Operation","G","General Audiences"
"Opposite Necklace","PG","Parental Guidance Suggested"
"Opus Ice","R","Restricted"
"Orange Grapes","PG-13","Parents Strongly Cautioned"
"Order Betrayed","PG-13","Parents Strongly Cautioned"
"Orient Closer","R","Restricted"
"Oscar Gold","PG","Parental Guidance Suggested"
"Others Soup","PG","Parental Guidance Suggested"
"Outbreak Divine","NC-17","Adults Only"
"Outfield Massacre","NC-17","Adults Only"
"Outlaw Hanky","PG-13","Parents Strongly Cautioned"
"Oz Liaisons","R","Restricted"
"Pacific Amistad","G","General Audiences"
"Packer Madigan","PG-13","Parents Strongly Cautioned"
"Pajama Jawbreaker","R","Restricted"
"Panic Club","G","General Audiences"
"Panky Submarine","G","General Audiences"
"Panther Reds","NC-17","Adults Only"
"Papi Necklace","PG","Parental Guidance Suggested"
"Paradise Sabrina","PG-13","Parents Strongly Cautioned"
"Paris Weekend","PG-13","Parents Strongly Cautioned"
"Park Citizen","PG-13","Parents Strongly Cautioned"
"Party Knock","PG","Parental Guidance Suggested"
"Past Suicides","PG-13","Parents Strongly Cautioned"
"Paths Control","PG","Parental Guidance Suggested"
"Patient Sister","NC-17","Adults Only"
"Patriot Roman","PG","Parental Guidance Suggested"
"Patton Interview","PG","Parental Guidance Suggested"
"Paycheck Wait","PG-13","Parents Strongly Cautioned"
"Peach Innocent","PG-13","Parents Strongly Cautioned"
"Peak Forever","PG","Parental Guidance Suggested"
"Pearl Destiny","NC-17","Adults Only"
"Pelican Comforts","PG","Parental Guidance Suggested"
"Perdition Fargo","NC-17","Adults Only"
"Perfect Groove","PG-13","Parents Strongly Cautioned"
"Personal Ladybugs","PG-13","Parents Strongly Cautioned"
"Pet Haunting","PG","Parental Guidance Suggested"
"Phantom Glory","NC-17","Adults Only"
"Philadelphia Wife","PG-13","Parents Strongly Cautioned"
"Pianist Outfield","NC-17","Adults Only"
"Pickup Driving","G","General Audiences"
"Pilot Hoosiers","PG","Parental Guidance Suggested"
"Pinocchio Simon","PG","Parental Guidance Suggested"
"Pirates Roxanne","PG","Parental Guidance Suggested"
"Pittsburgh Hunchback","PG-13","Parents Strongly Cautioned"
"Pity Bound","NC-17","Adults Only"
"Pizza Jumanji","NC-17","Adults Only"
"Platoon Instinct","PG-13","Parents Strongly Cautioned"
"Pluto Oleander","R","Restricted"
"Pocus Pulp","NC-17","Adults Only"
"Polish Brooklyn","PG","Parental Guidance Suggested"
"Pollock Deliverance","PG","Parental Guidance Suggested"
"Pond Seattle","PG-13","Parents Strongly Cautioned"
"Poseidon Forever","PG-13","Parents Strongly Cautioned"
"Potluck Mixed","G","General Audiences"
"Potter Connecticut","PG","Parental Guidance Suggested"
"Prejudice Oleander","PG-13","Parents Strongly Cautioned"
"President Bang","PG","Parental Guidance Suggested"
"Pride Alamo","NC-17","Adults Only"
"Primary Glass","G","General Audiences"
"Princess Giant","NC-17","Adults Only"
"Private Drop","PG","Parental Guidance Suggested"
"Prix Undefeated","R","Restricted"
"Psycho Shrunk","PG-13","Parents Strongly Cautioned"
"Pulp Beverly","G","General Audiences"
"Punk Divorce","PG","Parental Guidance Suggested"
"Pure Runner","NC-17","Adults Only"
"Purple Movie","R","Restricted"
"Queen Luke","PG","Parental Guidance Suggested"
"Quest Mussolini","R","Restricted"
"Quills Bull","R","Restricted"
"Racer Egg","NC-17","Adults Only"
"Rage Games","R","Restricted"
"Raging Airplane","R","Restricted"
"Raiders Antitrust","PG-13","Parents Strongly Cautioned"
"Rainbow Shock","PG","Parental Guidance Suggested"
"Random Go","NC-17","Adults Only"
"Range Moonwalker","PG","Parental Guidance Suggested"
"Reap Unfaithful","PG-13","Parents Strongly Cautioned"
"Rear Trading","NC-17","Adults Only"
"Rebel Airport","G","General Audiences"
"Records Zorro","PG","Parental Guidance Suggested"
"Redemption Comforts","NC-17","Adults Only"
"Reds Pocus","PG-13","Parents Strongly Cautioned"
"Reef Salute","NC-17","Adults Only"
"Reign Gentlemen","PG-13","Parents Strongly Cautioned"
"Remember Diary","R","Restricted"
"Requiem Tycoon","R","Restricted"
"Reservoir Adaptation","PG-13","Parents Strongly Cautioned"
"Resurrection Silverado","PG","Parental Guidance Suggested"
"Reunion Witches","R","Restricted"
"Rider Caddyshack","PG","Parental Guidance Suggested"
"Ridgemont Submarine","PG-13","Parents Strongly Cautioned"
"Right Cranes","PG-13","Parents Strongly Cautioned"
"Rings Heartbreakers","G","General Audiences"
"River Outlaw","PG-13","Parents Strongly Cautioned"
"Road Roxanne","R","Restricted"
"Robbers Joon","PG-13","Parents Strongly Cautioned"
"Robbery Bright","R","Restricted"
"Rock Instinct","G","General Audiences"
"Rocketeer Mother","PG-13","Parents Strongly Cautioned"
"Rocky War","PG-13","Parents Strongly Cautioned"
"Rollercoaster Bringing","PG-13","Parents Strongly Cautioned"
"Roman Punk","NC-17","Adults Only"
"Roof Champion","R","Restricted"
"Room Roman","PG","Parental Guidance Suggested"
"Roots Remember","PG-13","Parents Strongly Cautioned"
"Roses Treasure","PG-13","Parents Strongly Cautioned"
"Rouge Squad","NC-17","Adults Only"
"Roxanne Rebel","R","Restricted"
"Rugrats Shakespeare","PG-13","Parents Strongly Cautioned"
"Rules Human","R","Restricted"
"Run Pacific","R","Restricted"
"Runaway Tenenbaums","NC-17","Adults Only"
"Runner Madigan","NC-17","Adults Only"
"Rush Goodfellas","PG","Parental Guidance Suggested"
"Rushmore Mermaid","PG-13","Parents Strongly Cautioned"
"Sabrina Midnight","PG","Parental Guidance Suggested"
"Saddle Antitrust","PG-13","Parents Strongly Cautioned"
"Sagebrush Clueless","G","General Audiences"
"Saints Bride","G","General Audiences"
"Salute Apollo","R","Restricted"
"Samurai Lion","G","General Audiences"
"Santa Paris","PG","Parental Guidance Suggested"
"Sassy Packer","G","General Audiences"
"Satisfaction Confidential","G","General Audiences"
"Saturday Lambs","G","General Audiences"
"Saturn Name","R","Restricted"
"Savannah Town","PG-13","Parents Strongly Cautioned"
"Scalawag Duck","NC-17","Adults Only"
"Scarface Bang","PG-13","Parents Strongly Cautioned"
"School Jacket","PG-13","Parents Strongly Cautioned"
"Scissorhands Slums","G","General Audiences"
"Scorpion Apollo","NC-17","Adults Only"
"Sea Virgin","PG","Parental Guidance Suggested"
"Seabiscuit Punk","NC-17","Adults Only"
"Searchers Wait","NC-17","Adults Only"
"Seattle Expecations","PG-13","Parents Strongly Cautioned"
"Secret Groundhog","PG","Parental Guidance Suggested"
"Secretary Rouge","PG","Parental Guidance Suggested"
"Secrets Paradise","G","General Audiences"
"Sense Greek","R","Restricted"
"Sensibility Rear","PG","Parental Guidance Suggested"
"Seven Swarm","R","Restricted"
"Shakespeare Saddle","PG-13","Parents Strongly Cautioned"
"Shane Darkness","PG","Parental Guidance Suggested"
"Shanghai Tycoon","PG","Parental Guidance Suggested"
"Shawshank Bubble","PG","Parental Guidance Suggested"
"Shepherd Midsummer","R","Restricted"
"Shining Roses","G","General Audiences"
"Ship Wonderland","R","Restricted"
"Shock Cabin","PG-13","Parents Strongly Cautioned"
"Shootist Superfly","PG-13","Parents Strongly Cautioned"
"Show Lord","PG-13","Parents Strongly Cautioned"
"Shrek License","PG-13","Parents Strongly Cautioned"
"Shrunk Divine","R","Restricted"
"Side Ark","G","General Audiences"
"Siege Madre","R","Restricted"
"Sierra Divide","NC-17","Adults Only"
"Silence Kane","R","Restricted"
"Silverado Goldfinger","PG","Parental Guidance Suggested"
"Simon North","NC-17","Adults Only"
"Sinners Atlantis","PG-13","Parents Strongly Cautioned"
"Sister Freddy","PG-13","Parents Strongly Cautioned"
"Sky Miracle","PG","Parental Guidance Suggested"
"Slacker Liaisons","R","Restricted"
"Sleeping Suspects","PG-13","Parents Strongly Cautioned"
"Sleepless Monsoon","G","General Audiences"
"Sleepy Japanese","PG","Parental Guidance Suggested"
"Sleuth Orient","NC-17","Adults Only"
"Sling Luke","R","Restricted"
"Slipper Fidelity","PG-13","Parents Strongly Cautioned"
"Slums Duck","PG","Parental Guidance Suggested"
"Smile Earring","G","General Audiences"
"Smoking Barbarella","PG-13","Parents Strongly Cautioned"
"Smoochy Control","R","Restricted"
"Snatch Slipper","PG","Parental Guidance Suggested"
"Snatchers Montezuma","PG-13","Parents Strongly Cautioned"
"Snowman Rollercoaster","G","General Audiences"
"Soldiers Evolution","R","Restricted"
"Something Duck","NC-17","Adults Only"
"Song Hedwig","PG-13","Parents Strongly Cautioned"
"Sons Interview","NC-17","Adults Only"
"Sorority Queen","NC-17","Adults Only"
"Soup Wisdom","R","Restricted"
"South Wait","R","Restricted"
"Spartacus Cheaper","NC-17","Adults Only"
"Speakeasy Date","PG-13","Parents Strongly Cautioned"
"Speed Suit","PG-13","Parents Strongly Cautioned"
"Spice Sorority","NC-17","Adults Only"
"Spiking Element","G","General Audiences"
"Spinal Rocky","PG-13","Parents Strongly Cautioned"
"Spirit Flintstones","R","Restricted"
"Spirited Casualties","PG-13","Parents Strongly Cautioned"
"Splash Gump","PG","Parental Guidance Suggested"
"Splendor Patton","R","Restricted"
"Spoilers Hellfighters","G","General Audiences"
"Spy Mile","PG-13","Parents Strongly Cautioned"
"Squad Fish","PG","Parental Guidance Suggested"
"Stage World","PG","Parental Guidance Suggested"
"Stagecoach Armageddon","R","Restricted"
"Stallion Sundance","PG-13","Parents Strongly Cautioned"
"Stampede Disturbing","R","Restricted"
"Star Operation","PG","Parental Guidance Suggested"
"State Wasteland","NC-17","Adults Only"
"Steel Santa","NC-17","Adults Only"
"Steers Armageddon","PG","Parental Guidance Suggested"
"Stepmom Dream","NC-17","Adults Only"
"Sting Personal","NC-17","Adults Only"
"Stock Glass","PG","Parental Guidance Suggested"
"Stone Fire","G","General Audiences"
"Storm Happiness","NC-17","Adults Only"
"Story Side","R","Restricted"
"Straight Hours","R","Restricted"
"Strangelove Desire","NC-17","Adults Only"
"Stranger Strangers","G","General Audiences"
"Strangers Graffiti","R","Restricted"
"Streak Ridgemont","PG-13","Parents Strongly Cautioned"
"Streetcar Intentions","R","Restricted"
"Strictly Scarface","PG-13","Parents Strongly Cautioned"
"Submarine Bed","R","Restricted"
"Sugar Wonka","PG","Parental Guidance Suggested"
"Suicides Silence","G","General Audiences"
"Suit Walls","R","Restricted"
"Summer Scarface","G","General Audiences"
"Sun Confessions","R","Restricted"
"Sundance Invasion","NC-17","Adults Only"
"Sunrise League","PG-13","Parents Strongly Cautioned"
"Sunset Racer","NC-17","Adults Only"
"Super Wyoming","PG","Parental Guidance Suggested"
"Superfly Trip","PG","Parental Guidance Suggested"
"Suspects Quills","PG","Parental Guidance Suggested"
"Swarm Gold","PG-13","Parents Strongly Cautioned"
"Sweden Shining","PG","Parental Guidance Suggested"
"Sweet Brotherhood","R","Restricted"
"Sweethearts Suspects","G","General Audiences"
"Tadpole Park","PG","Parental Guidance Suggested"
"Talented Homicide","PG","Parental Guidance Suggested"
"Tarzan Videotape","PG-13","Parents Strongly Cautioned"
"Taxi Kick","PG-13","Parents Strongly Cautioned"
"Teen Apollo","G","General Audiences"
"Telegraph Voyage","PG","Parental Guidance Suggested"
"Telemark Heartbreakers","PG-13","Parents Strongly Cautioned"
"Temple Attraction","PG","Parental Guidance Suggested"
"Tenenbaums Command","PG-13","Parents Strongly Cautioned"
"Tequila Past","PG","Parental Guidance Suggested"
"Terminator Club","R","Restricted"
"Texas Watch","NC-17","Adults Only"
"Theory Mermaid","PG-13","Parents Strongly Cautioned"
"Thief Pelican","PG-13","Parents Strongly Cautioned"
"Thin Sagebrush","PG-13","Parents Strongly Cautioned"
"Ties Hunger","R","Restricted"
"Tights Dawn","R","Restricted"
"Timberland Sky","G","General Audiences"
"Titanic Boondock","R","Restricted"
"Titans Jerk","PG","Parental Guidance Suggested"
"Tomatoes Hellfighters","PG","Parental Guidance Suggested"
"Tomorrow Hustler","R","Restricted"
"Tootsie Pilot","PG","Parental Guidance Suggested"
"Torque Bound","G","General Audiences"
"Tourist Pelican","PG-13","Parents Strongly Cautioned"
"Towers Hurricane","NC-17","Adults Only"
"Town Ark","R","Restricted"
"Tracy Cider","G","General Audiences"
"Trading Pinocchio","PG","Parental Guidance Suggested"
"Traffic Hobbit","G","General Audiences"
"Train Bunch","R","Restricted"
"Trainspotting Strangers","PG-13","Parents Strongly Cautioned"
"Tramp Others","PG","Parental Guidance Suggested"
"Translation Summer","PG-13","Parents Strongly Cautioned"
"Trap Guys","G","General Audiences"
"Treasure Command","PG-13","Parents Strongly Cautioned"
"Treatment Jekyll","PG","Parental Guidance Suggested"
"Trip Newton","PG-13","Parents Strongly Cautioned"
"Trojan Tomorrow","PG","Parental Guidance Suggested"
"Troopers Metal","R","Restricted"
"Trouble Date","PG","Parental Guidance Suggested"
"Truman Crazy","G","General Audiences"
"Turn Star","G","General Audiences"
"Tuxedo Mile","R","Restricted"
"Twisted Pirates","PG","Parental Guidance Suggested"
"Tycoon Gathering","G","General Audiences"
"Unbreakable Karate","G","General Audiences"
"Uncut Suicides","PG-13","Parents Strongly Cautioned"
"Undefeated Dalmations","PG-13","Parents Strongly Cautioned"
"Unfaithful Kill","R","Restricted"
"Unforgiven Zoolander","PG","Parental Guidance Suggested"
"United Pilot","R","Restricted"
"Untouchables Sunrise","NC-17","Adults Only"
"Uprising Uptown","NC-17","Adults Only"
"Uptown Young","PG","Parental Guidance Suggested"
"Usual Untouchables","PG-13","Parents Strongly Cautioned"
"Vacation Boondock","R","Restricted"
"Valentine Vanishing","PG-13","Parents Strongly Cautioned"
"Valley Packer","G","General Audiences"
"Vampire Whale","NC-17","Adults Only"
"Vanilla Day","NC-17","Adults Only"
"Vanished Garden","R","Restricted"
"Vanishing Rocky","NC-17","Adults Only"
"Varsity Trip","NC-17","Adults Only"
"Velvet Terminator","R","Restricted"
"Vertigo Northwest","R","Restricted"
"Victory Academy","PG-13","Parents Strongly Cautioned"
"Videotape Arsenic","NC-17","Adults Only"
"Vietnam Smoochy","PG-13","Parents Strongly Cautioned"
"Villain Desperate","PG-13","Parents Strongly Cautioned"
"Virgin Daisy","PG-13","Parents Strongly Cautioned"
"Virginian Pluto","R","Restricted"
"Virtual Spoilers","NC-17","Adults Only"
"Vision Torque","PG-13","Parents Strongly Cautioned"
"Voice Peach","PG-13","Parents Strongly Cautioned"
"Volcano Texas","NC-17","Adults Only"
"Volume House","PG","Parental Guidance Suggested"
"Voyage Legally","PG-13","Parents Strongly Cautioned"
"Wagon Jaws","PG","Parental Guidance Suggested"
"Wait Cider","PG-13","Parents Strongly Cautioned"
"Wake Jaws","G","General Audiences"
"Walls Artist","PG","Parental Guidance Suggested"
"Wanda Chamber","PG-13","Parents Strongly Cautioned"
"War Notting","G","General Audiences"
"Wardrobe Phantom","G","General Audiences"
"Warlock Werewolf","G","General Audiences"
"Wars Pluto","G","General Audiences"
"Wash Heavenly","R","Restricted"
"Wasteland Divine","PG","Parental Guidance Suggested"
"Watch Tracy","PG","Parental Guidance Suggested"
"Waterfront Deliverance","G","General Audiences"
"Watership Frontier","G","General Audiences"
"Wedding Apollo","PG","Parental Guidance Suggested"
"Weekend Personal","R","Restricted"
"Werewolf Lola","G","General Audiences"
"West Lion","G","General Audiences"
"Westward Seabiscuit","NC-17","Adults Only"
"Whale Bikini","PG-13","Parents Strongly Cautioned"
"Whisperer Giant","PG-13","Parents Strongly Cautioned"
"Wife Turn","NC-17","Adults Only"
"Wild Apollo","R","Restricted"
"Willow Tracy","R","Restricted"
"Wind Phantom","R","Restricted"
"Window Side","R","Restricted"
"Wisdom Worker","R","Restricted"
"Witches Panic","NC-17","Adults Only"
"Wizard Coldblooded","PG","Parental Guidance Suggested"
"Wolves Desire","NC-17","Adults Only"
"Women Dorado","R","Restricted"
"Won Dares","PG","Parental Guidance Suggested"
"Wonderful Drop","NC-17","Adults Only"
"Wonderland Christmas","PG","Parental Guidance Suggested"
"Wonka Sea","NC-17","Adults Only"
"Words Hunter","PG","Parental Guidance Suggested"
"Worker Tarzan","R","Restricted"
"Working Microcosmos","R","Restricted"
"World Leathernecks","PG-13","Parents Strongly Cautioned"
"Worst Banger","PG","Parental Guidance Suggested"
"Wrath Mile","NC-17","Adults Only"
"Wrong Behavior","PG-13","Parents Strongly Cautioned"
"Wyoming Storm","PG-13","Parents Strongly Cautioned"
"Yentl Idaho","R","Restricted"
"Young Language","G","General Audiences"
"Youth Kick","NC-17","Adults Only"
"Zhivago Core","NC-17","Adults Only"
"Zoolander Fiction","R","Restricted"
"Zorro Ark","NC-17","Adults Only"
