"title","category_name","release_year","rating","language"
"Story Side","Action",2006,"R","English             "
"Firehouse Vietnam","Action",2006,"G","English             "
"Forrest Sons","Action",2006,"R","English             "
"Fool Mockingbird","Action",2006,"PG","English             "
"Antitrust Tomatoes","Action",2006,"NC-17","English             "
"Uprising Uptown","Action",2006,"NC-17","English             "
"Truman Crazy","Action",2006,"G","English             "
"Ark Ridgemont","Action",2006,"NC-17","English             "
"Trip Newton","Action",2006,"PG-13","English             "
"Barefoot Manchurian","Action",2006,"G","English             "
"Suspects Quills","Action",2006,"PG","English             "
"Berets Agent","Action",2006,"PG-13","English             "
"Worst Banger","Action",2006,"PG","English             "
"Stagecoach Armageddon","Action",2006,"R","English             "
"Speakeasy Date","Action",2006,"PG-13","English             "
"South Wait","Action",2006,"R","English             "
"Sky Miracle","Action",2006,"PG","English             "
"Bride Intrigue","Action",2006,"G","English             "
"Side Ark","Action",2006,"G","English             "
"Shrunk Divine","Action",2006,"R","English             "
"Bull Shawshank","Action",2006,"NC-17","English             "
"Caddyshack Jedi","Action",2006,"NC-17","English             "
"Rugrats Shakespeare","Action",2006,"PG-13","English             "
"Campus Remember","Action",2006,"R","English             "
"Rings Heartbreakers","Action",2006,"G","English             "
"Casualties Encino","Action",2006,"G","English             "
"Women Dorado","Action",2006,"R","English             "
"Celebrity Horn","Action",2006,"PG-13","English             "
"Rear Trading","Action",2006,"NC-17","English             "
"Quest Mussolini","Action",2006,"R","English             "
"Primary Glass","Action",2006,"G","English             "
"Patriot Roman","Action",2006,"PG","English             "
"Park Citizen","Action",2006,"PG-13","English             "
"Werewolf Lola","Action",2006,"G","English             "
"Clueless Bucket","Action",2006,"R","English             "
"Waterfront Deliverance","Action",2006,"G","English             "
"Montezuma Command","Action",2006,"NC-17","English             "
"Mockingbird Hollywood","Action",2006,"PG","English             "
"Minds Truman","Action",2006,"PG-13","English             "
"Midnight Westward","Action",2006,"G","English             "
"Crow Grease","Action",2006,"PG","English             "
"Magnolia Forrester","Action",2006,"PG-13","English             "
"Dances None","Action",2006,"NC-17","English             "
"Lust Lock","Action",2006,"G","English             "
"Darko Dorado","Action",2006,"NC-17","English             "
"Darn Forrester","Action",2006,"G","English             "
"Lord Arizona","Action",2006,"PG-13","English             "
"Lawrence Love","Action",2006,"NC-17","English             "
"Devil Desire","Action",2006,"R","English             "
"Kissing Dolls","Action",2006,"R","English             "
"Dragon Squad","Action",2006,"NC-17","English             "
"Dream Pickup","Action",2006,"PG","English             "
"Drifter Commandments","Action",2006,"PG-13","English             "
"Amadeus Holy","Action",2006,"PG","English             "
"Easy Gladiator","Action",2006,"G","English             "
"Hills Neighbors","Action",2006,"G","English             "
"Entrapment Satisfaction","Action",2006,"R","English             "
"Handicap Boondock","Action",2006,"R","English             "
"Excitement Eve","Action",2006,"G","English             "
"Grail Frankenstein","Action",2006,"NC-17","English             "
"American Circus","Action",2006,"R","English             "
"Gosford Donnie","Action",2006,"G","English             "
"Glass Dying","Action",2006,"G","English             "
"Fantasy Troopers","Action",2006,"PG-13","English             "
"Crossroads Casualties","Animation",2006,"G","English             "
"Menagerie Rushmore","Animation",2006,"G","English             "
"Miracle Virtual","Animation",2006,"PG-13","English             "
"Champion Flatliners","Animation",2006,"PG","English             "
"Mission Zoolander","Animation",2006,"PG-13","English             "
"Punk Divorce","Animation",2006,"PG","English             "
"Horn Working","Animation",2006,"PG","English             "
"Pride Alamo","Animation",2006,"NC-17","English             "
"Nash Chocolat","Animation",2006,"PG-13","English             "
"Potter Connecticut","Animation",2006,"PG","English             "
"Potluck Mixed","Animation",2006,"G","English             "
"Oscar Gold","Animation",2006,"PG","English             "
"Pond Seattle","Animation",2006,"PG-13","English             "
"Telemark Heartbreakers","Animation",2006,"PG-13","English             "
"Oz Liaisons","Animation",2006,"R","English             "
"Packer Madigan","Animation",2006,"PG-13","English             "
"Club Graffiti","Animation",2006,"PG-13","English             "
"Hook Chariots","Animation",2006,"G","English             "
"Argonauts Town","Animation",2006,"PG-13","English             "
"Clash Freddy","Animation",2006,"G","English             "
"Alter Victory","Animation",2006,"PG-13","English             "
"Ishtar Rocketeer","Animation",2006,"R","English             "
"Turn Star","Animation",2006,"G","English             "
"Sons Interview","Animation",2006,"NC-17","English             "
"Borrowers Bedazzled","Animation",2006,"G","English             "
"Snowman Rollercoaster","Animation",2006,"G","English             "
"Anaconda Confessions","Animation",2006,"R","English             "
"Wait Cider","Animation",2006,"PG-13","English             "
"Flying Hook","Animation",2006,"NC-17","English             "
"Floats Garden","Animation",2006,"PG-13","English             "
"Sleepless Monsoon","Animation",2006,"G","English             "
"Theory Mermaid","Animation",2006,"PG-13","English             "
"Duck Racer","Animation",2006,"NC-17","English             "
"Thief Pelican","Animation",2006,"PG-13","English             "
"Double Wrath","Animation",2006,"R","English             "
"Intentions Empire","Animation",2006,"PG-13","English             "
"Wonka Sea","Animation",2006,"NC-17","English             "
"Forrester Comancheros","Animation",2006,"NC-17","English             "
"Sunrise League","Animation",2006,"PG-13","English             "
"Doors President","Animation",2006,"NC-17","English             "
"Insects Stone","Animation",2006,"NC-17","English             "
"Bikini Borrowers","Animation",2006,"NC-17","English             "
"Fight Jawbreaker","Animation",2006,"R","English             "
"Sugar Wonka","Animation",2006,"PG","English             "
"Gangs Pride","Animation",2006,"PG-13","English             "
"Blackout Private","Animation",2006,"PG","English             "
"Inch Jet","Animation",2006,"NC-17","English             "
"Storm Happiness","Animation",2006,"NC-17","English             "
"Ghostbusters Elf","Animation",2006,"R","English             "
"Titanic Boondock","Animation",2006,"R","English             "
"Donnie Alley","Animation",2006,"NC-17","English             "
"Dogma Family","Animation",2006,"G","English             "
"Juggler Hardly","Animation",2006,"PG-13","English             "
"Canyon Stock","Animation",2006,"R","English             "
"Lawless Vision","Animation",2006,"G","English             "
"Room Roman","Animation",2006,"PG","English             "
"Carol Texas","Animation",2006,"PG","English             "
"Tracy Cider","Animation",2006,"G","English             "
"Desire Alien","Animation",2006,"NC-17","English             "
"Falcon Volume","Animation",2006,"PG-13","English             "
"Luke Mummy","Animation",2006,"NC-17","English             "
"Harper Dying","Animation",2006,"G","English             "
"Dares Pluto","Animation",2006,"PG-13","English             "
"Watch Tracy","Animation",2006,"PG","English             "
"Early Home","Animation",2006,"NC-17","English             "
"Massage Image","Animation",2006,"PG","English             "
"Sundance Invasion","Children",2006,"NC-17","English             "
"Beneath Rush","Children",2006,"NC-17","English             "
"Graduate Lord","Children",2006,"G","English             "
"Betrayed Rear","Children",2006,"NC-17","English             "
"Stranger Strangers","Children",2006,"G","English             "
"Strangelove Desire","Children",2006,"NC-17","English             "
"Giant Troopers","Children",2006,"R","English             "
"Splendor Patton","Children",2006,"R","English             "
"Invasion Cyclone","Children",2006,"PG","English             "
"Sister Freddy","Children",2006,"PG-13","English             "
"Shepherd Midsummer","Children",2006,"R","English             "
"Scarface Bang","Children",2006,"PG-13","English             "
"Santa Paris","Children",2006,"PG","English             "
"Cabin Flash","Children",2006,"NC-17","English             "
"Sabrina Midnight","Children",2006,"PG","English             "
"Idols Snatchers","Children",2006,"NC-17","English             "
"Robbers Joon","Children",2006,"PG-13","English             "
"Casper Dragonfly","Children",2006,"PG-13","English             "
"Polish Brooklyn","Children",2006,"PG","English             "
"Christmas Moonshine","Children",2006,"NC-17","English             "
"Circus Youth","Children",2006,"PG-13","English             "
"Walls Artist","Children",2006,"PG","English             "
"Clockwork Paradise","Children",2006,"PG-13","English             "
"Comancheros Enemy","Children",2006,"R","English             "
"Noon Papi","Children",2006,"G","English             "
"Murder Antitrust","Children",2006,"PG","English             "
"Holocaust Highball","Children",2006,"R","English             "
"Model Fish","Children",2006,"NC-17","English             "
"Hollywood Anonymous","Children",2006,"PG","English             "
"Empire Malkovich","Children",2006,"G","English             "
"Microcosmos Paradise","Children",2006,"PG-13","English             "
"Crooked Frogmen","Children",2006,"PG-13","English             "
"Maker Gables","Children",2006,"PG-13","English             "
"Heartbreakers Bright","Children",2006,"G","English             "
"Magic Mallrats","Children",2006,"PG","English             "
"Gorgeous Bingo","Children",2006,"R","English             "
"Daughter Madigan","Children",2006,"PG-13","English             "
"Warlock Werewolf","Children",2006,"G","English             "
"Legally Secretary","Children",2006,"PG","English             "
"Hall Cassidy","Children",2006,"NC-17","English             "
"Language Cowboy","Children",2006,"NC-17","English             "
"Labyrinth League","Children",2006,"PG-13","English             "
"Jumping Wrath","Children",2006,"NC-17","English             "
"Doctor Grail","Children",2006,"G","English             "
"Jersey Sassy","Children",2006,"PG","English             "
"Ghost Groundhog","Children",2006,"G","English             "
"Fury Murder","Children",2006,"PG-13","English             "
"Full Flatliners","Children",2006,"PG","English             "
"Forever Candidate","Children",2006,"NC-17","English             "
"Uptown Young","Children",2006,"PG","English             "
"Twisted Pirates","Children",2006,"PG","English             "
"Tootsie Pilot","Children",2006,"PG","English             "
"Backlash Undefeated","Children",2006,"PG-13","English             "
"Ties Hunger","Children",2006,"R","English             "
"Tequila Past","Children",2006,"PG","English             "
"Sweethearts Suspects","Children",2006,"G","English             "
"Zoolander Fiction","Children",2006,"R","English             "
"Bear Graceland","Children",2006,"R","English             "
"Wrong Behavior","Children",2006,"PG-13","English             "
"Fargo Gandhi","Children",2006,"G","English             "
"Requiem Tycoon","Classics",2006,"R","English             "
"Alice Fantasia","Classics",2006,"NC-17","English             "
"Frost Head","Classics",2006,"PG","English             "
"Lights Deer","Classics",2006,"R","English             "
"Dynamite Tarzan","Classics",2006,"PG-13","English             "
"Malkovich Pet","Classics",2006,"G","English             "
"Island Exorcist","Classics",2006,"NC-17","English             "
"Gilmore Boiled","Classics",2006,"R","English             "
"Jerk Paycheck","Classics",2006,"NC-17","English             "
"Summer Scarface","Classics",2006,"G","English             "
"League Hellfighters","Classics",2006,"PG-13","English             "
"Towers Hurricane","Classics",2006,"NC-17","English             "
"Sling Luke","Classics",2006,"R","English             "
"Detective Vision","Classics",2006,"PG-13","English             "
"Snatchers Montezuma","Classics",2006,"PG-13","English             "
"Bound Cheaper","Classics",2006,"PG","English             "
"Voyage Legally","Classics",2006,"PG-13","English             "
"Arizona Bang","Classics",2006,"PG","English             "
"Volume House","Classics",2006,"PG","English             "
"Hyde Doctor","Classics",2006,"G","English             "
"Westward Seabiscuit","Classics",2006,"NC-17","English             "
"Jeepers Wedding","Classics",2006,"R","English             "
"Patient Sister","Classics",2006,"NC-17","English             "
"Tomorrow Hustler","Classics",2006,"R","English             "
"Pajama Jawbreaker","Classics",2006,"R","English             "
"Right Cranes","Classics",2006,"PG-13","English             "
"Hope Tootsie","Classics",2006,"NC-17","English             "
"Center Dinosaur","Classics",2006,"PG","English             "
"Steel Santa","Classics",2006,"NC-17","English             "
"Roots Remember","Classics",2006,"PG-13","English             "
"Holy Tadpole","Classics",2006,"R","English             "
"Jingle Sagebrush","Classics",2006,"PG-13","English             "
"Color Philadelphia","Classics",2006,"G","English             "
"Beast Hunchback","Classics",2006,"R","English             "
"Candidate Perdition","Classics",2006,"R","English             "
"October Submarine","Classics",2006,"PG-13","English             "
"Jeopardy Encino","Classics",2006,"R","English             "
"Prejudice Oleander","Classics",2006,"PG-13","English             "
"Timberland Sky","Classics",2006,"G","English             "
"Musketeers Wait","Classics",2006,"PG","English             "
"Lover Truman","Classics",2006,"G","English             "
"Cruelty Unforgiven","Classics",2006,"G","English             "
"Spiking Element","Classics",2006,"G","English             "
"Lovely Jingle","Classics",2006,"PG","English             "
"Magnificent Chitty","Classics",2006,"R","English             "
"Tadpole Park","Classics",2006,"PG","English             "
"Conspiracy Spirit","Classics",2006,"PG-13","English             "
"Dracula Crystal","Classics",2006,"G","English             "
"Loathing Legally","Classics",2006,"R","English             "
"Gilbert Pelican","Classics",2006,"G","English             "
"Core Suit","Classics",2006,"PG-13","English             "
"Iron Moon","Classics",2006,"PG","English             "
"Million Ace","Classics",2006,"PG-13","English             "
"Extraordinary Conquerer","Classics",2006,"G","English             "
"Galaxy Sweethearts","Classics",2006,"R","English             "
"Wasteland Divine","Classics",2006,"PG","English             "
"Creepers Kane","Classics",2006,"NC-17","English             "
"Airplane Sierra","Comedy",2006,"PG-13","English             "
"Jaws Harry","Comedy",2006,"G","English             "
"Hurricane Affair","Comedy",2006,"PG","English             "
"Hedwig Alter","Comedy",2006,"NC-17","English             "
"Memento Zoolander","Comedy",2006,"NC-17","English             "
"Hustler Party","Comedy",2006,"NC-17","English             "
"Mallrats United","Comedy",2006,"PG","English             "
"Daddy Pittsburgh","Comedy",2006,"G","English             "
"Heaven Freedom","Comedy",2006,"PG","English             "
"Stage World","Comedy",2006,"PG","English             "
"Cat Coneheads","Comedy",2006,"G","English             "
"Hate Handicap","Comedy",2006,"PG","English             "
"Zorro Ark","Comedy",2006,"NC-17","English             "
"Tramp Others","Comedy",2006,"PG","English             "
"Gold River","Comedy",2006,"R","English             "
"Lonely Elephant","Comedy",2006,"G","English             "
"Lion Uncut","Comedy",2006,"PG","English             "
"Trainspotting Strangers","Comedy",2006,"PG-13","English             "
"Life Twisted","Comedy",2006,"NC-17","English             "
"Gunfight Moon","Comedy",2006,"NC-17","English             "
"Caper Motions","Comedy",2006,"G","English             "
"Knock Warlock","Comedy",2006,"PG-13","English             "
"Groundhog Uncut","Comedy",2006,"PG-13","English             "
"Dying Maker","Comedy",2006,"PG","English             "
"Doom Dancing","Comedy",2006,"R","English             "
"Rushmore Mermaid","Comedy",2006,"PG-13","English             "
"Ferris Mother","Comedy",2006,"PG","English             "
"Sweden Shining","Comedy",2006,"PG","English             "
"Saddle Antitrust","Comedy",2006,"PG-13","English             "
"Strictly Scarface","Comedy",2006,"PG-13","English             "
"Submarine Bed","Comedy",2006,"R","English             "
"Saturn Name","Comedy",2006,"R","English             "
"Freedom Cleopatra","Comedy",2006,"PG-13","English             "
"Fireball Philadelphia","Comedy",2006,"PG","English             "
"Searchers Wait","Comedy",2006,"NC-17","English             "
"Frankenstein Stranger","Comedy",2006,"NC-17","English             "
"Bringing Hysterical","Comedy",2006,"PG","English             "
"Flintstones Happiness","Comedy",2006,"PG-13","English             "
"Snatch Slipper","Comedy",2006,"PG","English             "
"Party Knock","Comedy",2006,"PG","English             "
"Vertigo Northwest","Comedy",2006,"R","English             "
"Paradise Sabrina","Comedy",2006,"PG-13","English             "
"Velvet Terminator","Comedy",2006,"R","English             "
"Closer Bang","Comedy",2006,"R","English             "
"Perfect Groove","Comedy",2006,"PG-13","English             "
"Element Freddy","Comedy",2006,"NC-17","English             "
"Pinocchio Simon","Comedy",2006,"PG","English             "
"Wisdom Worker","Comedy",2006,"R","English             "
"Operation Operation","Comedy",2006,"G","English             "
"Anthem Luke","Comedy",2006,"PG-13","English             "
"Mystic Truman","Comedy",2006,"NC-17","English             "
"Valley Packer","Comedy",2006,"G","English             "
"Mulan Moon","Comedy",2006,"G","English             "
"Downhill Enough","Comedy",2006,"G","English             "
"Connection Microcosmos","Comedy",2006,"G","English             "
"Pure Runner","Comedy",2006,"NC-17","English             "
"Control Anthem","Comedy",2006,"G","English             "
"Crazy Home","Comedy",2006,"PG","English             "
"Academy Dinosaur","Documentary",2006,"PG","English             "
"Adaptation Holes","Documentary",2006,"NC-17","English             "
"Army Flintstones","Documentary",2006,"R","English             "
"Beach Heartbreakers","Documentary",2006,"G","English             "
"Bed Highball","Documentary",2006,"NC-17","English             "
"Bill Others","Documentary",2006,"PG","English             "
"Bonnie Holocaust","Documentary",2006,"G","English             "
"Brotherhood Blanket","Documentary",2006,"R","English             "
"Cause Date","Documentary",2006,"R","English             "
"Chicken Hellfighters","Documentary",2006,"PG","English             "
"Cider Desire","Documentary",2006,"PG","English             "
"Clerks Angels","Documentary",2006,"G","English             "
"Coast Rainbow","Documentary",2006,"PG","English             "
"Cupboard Sinners","Documentary",2006,"R","English             "
"Dancing Fever","Documentary",2006,"G","English             "
"Deep Crusade","Documentary",2006,"PG-13","English             "
"Deliverance Mulholland","Documentary",2006,"R","English             "
"Dozen Lion","Documentary",2006,"NC-17","English             "
"Duffel Apocalypse","Documentary",2006,"G","English             "
"Egg Igby","Documentary",2006,"PG","English             "
"Expendable Stallion","Documentary",2006,"PG","English             "
"French Holiday","Documentary",2006,"PG","English             "
"Halloween Nuts","Documentary",2006,"PG-13","English             "
"Hardly Robbers","Documentary",2006,"R","English             "
"Hawk Chill","Documentary",2006,"PG-13","English             "
"Heavyweights Beast","Documentary",2006,"G","English             "
"Homeward Cider","Documentary",2006,"R","English             "
"Hunter Alter","Documentary",2006,"PG-13","English             "
"Independence Hotel","Documentary",2006,"NC-17","English             "
"Intolerable Intentions","Documentary",2006,"PG-13","English             "
"Kill Brotherhood","Documentary",2006,"G","English             "
"Madison Trap","Documentary",2006,"R","English             "
"Majestic Floats","Documentary",2006,"PG","English             "
"Metal Armageddon","Documentary",2006,"PG-13","English             "
"Midsummer Groundhog","Documentary",2006,"G","English             "
"Mighty Luck","Documentary",2006,"PG","English             "
"Mod Secretary","Documentary",2006,"NC-17","English             "
"Modern Dorado","Documentary",2006,"PG","English             "
"National Story","Documentary",2006,"NC-17","English             "
"Newsies Story","Documentary",2006,"G","English             "
"North Tequila","Documentary",2006,"NC-17","English             "
"Notorious Reunion","Documentary",2006,"NC-17","English             "
"Pacific Amistad","Documentary",2006,"G","English             "
"Pelican Comforts","Documentary",2006,"PG","English             "
"Pocus Pulp","Documentary",2006,"NC-17","English             "
"Princess Giant","Documentary",2006,"NC-17","English             "
"Quills Bull","Documentary",2006,"R","English             "
"Raiders Antitrust","Documentary",2006,"PG-13","English             "
"Rainbow Shock","Documentary",2006,"PG","English             "
"Road Roxanne","Documentary",2006,"R","English             "
"Sagebrush Clueless","Documentary",2006,"G","English             "
"Secret Groundhog","Documentary",2006,"PG","English             "
"Ship Wonderland","Documentary",2006,"R","English             "
"Show Lord","Documentary",2006,"PG-13","English             "
"Smoking Barbarella","Documentary",2006,"PG-13","English             "
"Spoilers Hellfighters","Documentary",2006,"G","English             "
"Streak Ridgemont","Documentary",2006,"PG-13","English             "
"Thin Sagebrush","Documentary",2006,"PG-13","English             "
"United Pilot","Documentary",2006,"R","English             "
"Untouchables Sunrise","Documentary",2006,"NC-17","English             "
"Villain Desperate","Documentary",2006,"PG-13","English             "
"Virginian Pluto","Documentary",2006,"R","English             "
"Wagon Jaws","Documentary",2006,"PG","English             "
"Wars Pluto","Documentary",2006,"G","English             "
"Wedding Apollo","Documentary",2006,"PG","English             "
"Wife Turn","Documentary",2006,"NC-17","English             "
"Wrath Mile","Documentary",2006,"NC-17","English             "
"Young Language","Documentary",2006,"G","English             "
"Treatment Jekyll","Drama",2006,"PG","English             "
"Torque Bound","Drama",2006,"G","English             "
"Darkness War","Drama",2006,"NC-17","English             "
"Hunchback Impossible","Drama",2006,"PG-13","English             "
"Destination Jerk","Drama",2006,"PG-13","English             "
"Notting Speakeasy","Drama",2006,"PG-13","English             "
"Seattle Expecations","Drama",2006,"PG-13","English             "
"Racer Egg","Drama",2006,"NC-17","English             "
"Witches Panic","Drama",2006,"NC-17","English             "
"Greedy Roots","Drama",2006,"R","English             "
"Lebowski Soldiers","Drama",2006,"PG-13","English             "
"Bright Encounters","Drama",2006,"PG-13","English             "
"Chitty Lock","Drama",2006,"G","English             "
"Diary Panic","Drama",2006,"G","English             "
"Savannah Town","Drama",2006,"PG-13","English             "
"Beethoven Exorcist","Drama",2006,"PG-13","English             "
"Kwai Homeward","Drama",2006,"PG-13","English             "
"Queen Luke","Drama",2006,"PG","English             "
"Bunch Minds","Drama",2006,"G","English             "
"Reunion Witches","Drama",2006,"R","English             "
"Encounters Curtain","Drama",2006,"NC-17","English             "
"Confessions Maguire","Drama",2006,"PG-13","English             "
"Tenenbaums Command","Drama",2006,"PG-13","English             "
"Vietnam Smoochy","Drama",2006,"PG-13","English             "
"Pity Bound","Drama",2006,"NC-17","English             "
"Coneheads Smoochy","Drama",2006,"NC-17","English             "
"Luck Opus","Drama",2006,"NC-17","English             "
"Wardrobe Phantom","Drama",2006,"G","English             "
"Something Duck","Drama",2006,"NC-17","English             "
"Saints Bride","Drama",2006,"G","English             "
"Virgin Daisy","Drama",2006,"PG-13","English             "
"Harold French","Drama",2006,"NC-17","English             "
"Beauty Grease","Drama",2006,"G","English             "
"Paths Control","Drama",2006,"PG","English             "
"Gone Trouble","Drama",2006,"R","English             "
"Necklace Outbreak","Drama",2006,"PG","English             "
"Sea Virgin","Drama",2006,"PG","English             "
"Jacket Frisco","Drama",2006,"PG-13","English             "
"Scorpion Apollo","Drama",2006,"NC-17","English             "
"Chill Luck","Drama",2006,"PG","English             "
"Shootist Superfly","Drama",2006,"PG-13","English             "
"Harry Idaho","Drama",2006,"PG-13","English             "
"Rocky War","Drama",2006,"PG-13","English             "
"Hobbit Alien","Drama",2006,"PG-13","English             "
"Goldfinger Sensibility","Drama",2006,"G","English             "
"Slacker Liaisons","Drama",2006,"R","English             "
"Orient Closer","Drama",2006,"R","English             "
"Deceiver Betrayed","Drama",2006,"NC-17","English             "
"Paycheck Wait","Drama",2006,"PG-13","English             "
"Dalmations Sweden","Drama",2006,"PG","English             "
"Craft Outfield","Drama",2006,"NC-17","English             "
"Blade Polish","Drama",2006,"PG-13","English             "
"West Lion","Drama",2006,"G","English             "
"Hanging Deep","Drama",2006,"G","English             "
"Mob Duffel","Drama",2006,"G","English             "
"Conquerer Nuts","Drama",2006,"G","English             "
"Spice Sorority","Drama",2006,"NC-17","English             "
"Lies Treatment","Drama",2006,"NC-17","English             "
"Apollo Teen","Drama",2006,"PG-13","English             "
"Edge Kissing","Drama",2006,"NC-17","English             "
"Translation Summer","Drama",2006,"PG-13","English             "
"Unfaithful Kill","Drama",2006,"R","English             "
"Remember Diary","Family",2006,"R","English             "
"Opposite Necklace","Family",2006,"PG","English             "
"Conversation Downhill","Family",2006,"R","English             "
"Willow Tracy","Family",2006,"R","English             "
"Sunset Racer","Family",2006,"NC-17","English             "
"Super Wyoming","Family",2006,"PG","English             "
"Baked Cleopatra","Family",2006,"G","English             "
"Odds Boogie","Family",2006,"NC-17","English             "
"Bedazzled Married","Family",2006,"PG","English             "
"Feud Frogmen","Family",2006,"R","English             "
"Movie Shakespeare","Family",2006,"PG","English             "
"Confused Candles","Family",2006,"PG-13","English             "
"Bang Kwai","Family",2006,"NC-17","English             "
"Music Boondock","Family",2006,"R","English             "
"Natural Stock","Family",2006,"PG-13","English             "
"Network Peak","Family",2006,"PG-13","English             "
"Hocus Frida","Family",2006,"G","English             "
"Gandhi Kwai","Family",2006,"PG-13","English             "
"Gables Metropolis","Family",2006,"PG","English             "
"Soup Wisdom","Family",2006,"R","English             "
"Range Moonwalker","Family",2006,"PG","English             "
"Homicide Peach","Family",2006,"PG-13","English             "
"Spartacus Cheaper","Family",2006,"NC-17","English             "
"Effect Gladiator","Family",2006,"PG","English             "
"Finding Anaconda","Family",2006,"R","English             "
"Grease Youth","Family",2006,"G","English             "
"House Dynamite","Family",2006,"R","English             "
"Rush Goodfellas","Family",2006,"PG","English             "
"Rage Games","Family",2006,"R","English             "
"Hunting Musketeers","Family",2006,"NC-17","English             "
"Earring Instinct","Family",2006,"R","English             "
"Robbery Bright","Family",2006,"R","English             "
"Spinal Rocky","Family",2006,"PG-13","English             "
"Braveheart Human","Family",2006,"PG-13","English             "
"Indian Love","Family",2006,"NC-17","English             "
"Dumbo Lust","Family",2006,"NC-17","English             "
"Prix Undefeated","Family",2006,"R","English             "
"Splash Gump","Family",2006,"PG","English             "
"President Bang","Family",2006,"PG","English             "
"Chasing Fight","Family",2006,"PG","English             "
"Blues Instinct","Family",2006,"G","English             "
"African Egg","Family",2006,"G","English             "
"Slums Duck","Family",2006,"PG","English             "
"Jason Trap","Family",2006,"NC-17","English             "
"Jedi Beneath","Family",2006,"PG","English             "
"Virtual Spoilers","Family",2006,"NC-17","English             "
"Pittsburgh Hunchback","Family",2006,"PG-13","English             "
"Chisum Behavior","Family",2006,"G","English             "
"Pilot Hoosiers","Family",2006,"PG","English             "
"Blood Argonauts","Family",2006,"G","English             "
"Killer Innocent","Family",2006,"R","English             "
"King Evolution","Family",2006,"NC-17","English             "
"Resurrection Silverado","Family",2006,"PG","English             "
"Dinosaur Secretary","Family",2006,"R","English             "
"Blanket Beverly","Family",2006,"G","English             "
"Apache Divine","Family",2006,"NC-17","English             "
"Chocolat Harry","Family",2006,"NC-17","English             "
"Lolita World","Family",2006,"NC-17","English             "
"Siege Madre","Family",2006,"R","English             "
"Louisiana Harry","Family",2006,"PG-13","English             "
"Date Speed","Family",2006,"R","English             "
"Maguire Apache","Family",2006,"NC-17","English             "
"Bilko Anonymous","Family",2006,"PG-13","English             "
"Secrets Paradise","Family",2006,"G","English             "
"Manchurian Curtain","Family",2006,"PG","English             "
"Gladiator Westward","Family",2006,"PG","English             "
"Half Outfield","Family",2006,"PG-13","English             "
"Sensibility Rear","Family",2006,"PG","English             "
"Atlantis Cause","Family",2006,"G","English             "
"Calendar Gunfight","Foreign",2006,"NC-17","English             "
"Pet Haunting","Foreign",2006,"PG","English             "
"Cowboy Doom","Foreign",2006,"PG","English             "
"Alley Evolution","Foreign",2006,"NC-17","English             "
"Reservoir Adaptation","Foreign",2006,"PG-13","English             "
"Wonderful Drop","Foreign",2006,"NC-17","English             "
"School Jacket","Foreign",2006,"PG-13","English             "
"Scissorhands Slums","Foreign",2006,"G","English             "
"Greek Everyone","Foreign",2006,"PG","English             "
"Frida Slipper","Foreign",2006,"R","English             "
"Hunger Roof","Foreign",2006,"G","English             "
"Town Ark","Foreign",2006,"R","English             "
"Usual Untouchables","Foreign",2006,"PG-13","English             "
"Baby Hall","Foreign",2006,"NC-17","English             "
"Pearl Destiny","Foreign",2006,"NC-17","English             "
"Hotel Happiness","Foreign",2006,"PG-13","English             "
"Hoosiers Birdcage","Foreign",2006,"G","English             "
"Stepmom Dream","Foreign",2006,"NC-17","English             "
"Sorority Queen","Foreign",2006,"NC-17","English             "
"Fiction Christmas","Foreign",2006,"PG","English             "
"Holiday Games","Foreign",2006,"PG-13","English             "
"Matrix Snowman","Foreign",2006,"PG-13","English             "
"Chocolate Duck","Foreign",2006,"R","English             "
"Maude Mod","Foreign",2006,"R","English             "
"Newton Labyrinth","Foreign",2006,"PG","English             "
"Command Darling","Foreign",2006,"PG-13","English             "
"Lose Inch","Foreign",2006,"R","English             "
"Meet Chocolate","Foreign",2006,"G","English             "
"Lost Bird","Foreign",2006,"PG-13","English             "
"Orange Grapes","Foreign",2006,"PG-13","English             "
"Rocketeer Mother","Foreign",2006,"PG-13","English             "
"Bugsy Song","Foreign",2006,"G","English             "
"Crossing Divorce","Foreign",2006,"R","English             "
"Everyone Craft","Foreign",2006,"PG","English             "
"Highball Potter","Foreign",2006,"R","English             "
"Past Suicides","Foreign",2006,"PG-13","English             "
"Muppet Mile","Foreign",2006,"PG","English             "
"Mulholland Beast","Foreign",2006,"PG","English             "
"Ballroom Mockingbird","Foreign",2006,"G","English             "
"Catch Amistad","Foreign",2006,"G","English             "
"Madness Attacks","Foreign",2006,"PG-13","English             "
"Brooklyn Desert","Foreign",2006,"R","English             "
"Dangerous Uptown","Foreign",2006,"PG","English             "
"Hellfighters Sierra","Foreign",2006,"PG","English             "
"Gentlemen Stage","Foreign",2006,"NC-17","English             "
"Trap Guys","Foreign",2006,"G","English             "
"Whale Bikini","Foreign",2006,"PG-13","English             "
"Alamo Videotape","Foreign",2006,"G","English             "
"Cyclone Family","Foreign",2006,"PG","English             "
"Alien Center","Foreign",2006,"NC-17","English             "
"Doubtfire Labyrinth","Foreign",2006,"R","English             "
"Vision Torque","Foreign",2006,"PG-13","English             "
"Pollock Deliverance","Foreign",2006,"PG","English             "
"Shrek License","Foreign",2006,"PG-13","English             "
"Jet Neighbors","Foreign",2006,"R","English             "
"Intrigue Worst","Foreign",2006,"G","English             "
"Grapes Fury","Foreign",2006,"G","English             "
"War Notting","Foreign",2006,"G","English             "
"Innocent Usual","Foreign",2006,"PG-13","English             "
"Crystal Breaking","Foreign",2006,"NC-17","English             "
"Shock Cabin","Foreign",2006,"PG-13","English             "
"Kane Exorcist","Foreign",2006,"R","English             "
"Mixed Doors","Foreign",2006,"PG-13","English             "
"Opus Ice","Foreign",2006,"R","English             "
"Informer Double","Foreign",2006,"NC-17","English             "
"Wash Heavenly","Foreign",2006,"R","English             "
"Moon Bunch","Foreign",2006,"PG","English             "
"Agent Truman","Foreign",2006,"PG","English             "
"Kiss Glory","Foreign",2006,"PG-13","English             "
"Impossible Prejudice","Foreign",2006,"NC-17","English             "
"Happiness United","Foreign",2006,"G","English             "
"Purple Movie","Foreign",2006,"R","English             "
"Illusion Amelie","Foreign",2006,"R","English             "
"Wanda Chamber","Games",2006,"PG-13","English             "
"Roxanne Rebel","Games",2006,"R","English             "
"Head Stranger","Games",2006,"R","English             "
"Sassy Packer","Games",2006,"G","English             "
"Bulworth Commandments","Games",2006,"G","English             "
"Seven Swarm","Games",2006,"R","English             "
"Encino Elf","Games",2006,"G","English             "
"Human Graffiti","Games",2006,"NC-17","English             "
"Ice Crossing","Games",2006,"R","English             "
"Dwarfs Alter","Games",2006,"G","English             "
"Fire Wolves","Games",2006,"R","English             "
"Forward Temple","Games",2006,"NC-17","English             "
"Grinch Massage","Games",2006,"R","English             "
"Rouge Squad","Games",2006,"NC-17","English             "
"Volcano Texas","Games",2006,"NC-17","English             "
"Grit Clockwork","Games",2006,"PG","English             "
"Jericho Mulan","Games",2006,"NC-17","English             "
"Divine Resurrection","Games",2006,"R","English             "
"Videotape Arsenic","Games",2006,"NC-17","English             "
"Vanilla Day","Games",2006,"NC-17","English             "
"Dirty Ace","Games",2006,"NC-17","English             "
"Ladybugs Armageddon","Games",2006,"NC-17","English             "
"Lambs Cincinatti","Games",2006,"PG-13","English             "
"Details Packer","Games",2006,"R","English             "
"Glory Tracy","Games",2006,"PG-13","English             "
"Dazed Punk","Games",2006,"G","English             "
"Gun Bonnie","Games",2006,"G","English             "
"Tycoon Gathering","Games",2006,"G","English             "
"Dawn Pond","Games",2006,"PG","English             "
"Darling Breaking","Games",2006,"PG-13","English             "
"Madre Gables","Games",2006,"PG-13","English             "
"Curtain Videotape","Games",2006,"PG-13","English             "
"Maltese Hope","Games",2006,"PG-13","English             "
"Mars Roman","Games",2006,"NC-17","English             "
"Massacre Usual","Games",2006,"R","English             "
"Creatures Shakespeare","Games",2006,"NC-17","English             "
"Autumn Crow","Games",2006,"G","English             "
"Fantasia Park","Games",2006,"G","English             "
"Feathers Metal","Games",2006,"PG-13","English             "
"Monsoon Cause","Games",2006,"PG","English             "
"Moonshine Cabin","Games",2006,"PG-13","English             "
"Moonwalker Fool","Games",2006,"G","English             "
"Name Detective","Games",2006,"PG-13","English             "
"Wind Phantom","Games",2006,"R","English             "
"Nightmare Chill","Games",2006,"PG","English             "
"Suit Walls","Games",2006,"R","English             "
"Outbreak Divine","Games",2006,"NC-17","English             "
"Panky Submarine","Games",2006,"G","English             "
"State Wasteland","Games",2006,"NC-17","English             "
"Stampede Disturbing","Games",2006,"R","English             "
"Spy Mile","Games",2006,"PG-13","English             "
"Pizza Jumanji","Games",2006,"NC-17","English             "
"Gathering Calendar","Games",2006,"PG-13","English             "
"Chicago North","Games",2006,"PG-13","English             "
"Private Drop","Games",2006,"PG","English             "
"Psycho Shrunk","Games",2006,"PG-13","English             "
"Fever Empire","Games",2006,"R","English             "
"Haunting Pianist","Games",2006,"R","English             "
"Roof Champion","Games",2006,"R","English             "
"Sleuth Orient","Games",2006,"NC-17","English             "
"Candles Grapes","Games",2006,"NC-17","English             "
"Patton Interview","Horror",2006,"PG","English             "
"Drums Dynamite","Horror",2006,"PG","English             "
"Spirit Flintstones","Horror",2006,"R","English             "
"Arachnophobia Rollercoaster","Horror",2006,"PG-13","English             "
"Rules Human","Horror",2006,"R","English             "
"Desert Poseidon","Horror",2006,"R","English             "
"Rollercoaster Bringing","Horror",2006,"PG-13","English             "
"Pulp Beverly","Horror",2006,"G","English             "
"Gaslight Crusade","Horror",2006,"PG","English             "
"Undefeated Dalmations","Horror",2006,"PG-13","English             "
"Behavior Runaway","Horror",2006,"PG","English             "
"Freddy Storm","Horror",2006,"NC-17","English             "
"Panic Club","Horror",2006,"G","English             "
"Sinners Atlantis","Horror",2006,"PG-13","English             "
"Anything Savannah","Horror",2006,"R","English             "
"Watership Frontier","Horror",2006,"G","English             "
"Egypt Tenenbaums","Horror",2006,"PG","English             "
"Sleeping Suspects","Horror",2006,"PG-13","English             "
"Airport Pollock","Horror",2006,"R","English             "
"Fidelity Devil","Horror",2006,"G","English             "
"Ali Forever","Horror",2006,"PG","English             "
"Reap Unfaithful","Horror",2006,"PG-13","English             "
"Lady Stage","Horror",2006,"PG","English             "
"Bowfinger Gables","Horror",2006,"NC-17","English             "
"Elephant Trojan","Horror",2006,"PG-13","English             "
"Streetcar Intentions","Horror",2006,"R","English             "
"Treasure Command","Horror",2006,"PG-13","English             "
"Reef Salute","Horror",2006,"NC-17","English             "
"Kentuckian Giant","Horror",2006,"PG","English             "
"Karate Moon","Horror",2006,"PG-13","English             "
"High Encino","Horror",2006,"R","English             "
"World Leathernecks","Horror",2006,"PG-13","English             "
"Paris Weekend","Horror",2006,"PG-13","English             "
"Carrie Bunch","Horror",2006,"PG","English             "
"Zhivago Core","Horror",2006,"NC-17","English             "
"Strangers Graffiti","Horror",2006,"R","English             "
"Simon North","Horror",2006,"NC-17","English             "
"Family Sweet","Horror",2006,"R","English             "
"Temple Attraction","Horror",2006,"PG","English             "
"Tarzan Videotape","Horror",2006,"PG-13","English             "
"Commandments Express","Horror",2006,"R","English             "
"Affair Prejudice","Horror",2006,"G","English             "
"Rock Instinct","Horror",2006,"G","English             "
"Swarm Gold","Horror",2006,"PG-13","English             "
"Texas Watch","Horror",2006,"NC-17","English             "
"Motions Details","Horror",2006,"PG","English             "
"Alabama Devil","Horror",2006,"PG-13","English             "
"Yentl Idaho","Horror",2006,"R","English             "
"Arabia Dogma","Horror",2006,"NC-17","English             "
"Monterey Labyrinth","Horror",2006,"G","English             "
"Love Suicides","Horror",2006,"R","English             "
"Japanese Run","Horror",2006,"G","English             "
"Analyze Hoosiers","Horror",2006,"R","English             "
"Lola Agent","Horror",2006,"PG","English             "
"Train Bunch","Horror",2006,"R","English             "
"Ace Goldfinger","Horror",2006,"G","English             "
"Monster Spartacus","Music",2006,"PG","English             "
"Masked Bubble","Music",2006,"PG-13","English             "
"Outfield Massacre","Music",2006,"NC-17","English             "
"Wizard Coldblooded","Music",2006,"PG","English             "
"Clue Grail","Music",2006,"NC-17","English             "
"Clones Pinocchio","Music",2006,"R","English             "
"Heavenly Gun","Music",2006,"NC-17","English             "
"Birch Antitrust","Music",2006,"PG","English             "
"Hanover Galaxy","Music",2006,"NC-17","English             "
"Birdcage Casper","Music",2006,"NC-17","English             "
"Lucky Flying","Music",2006,"PG-13","English             "
"Uncut Suicides","Music",2006,"PG-13","English             "
"Deer Virginian","Music",2006,"NC-17","English             "
"Youth Kick","Music",2006,"NC-17","English             "
"Legend Jedi","Music",2006,"PG","English             "
"Personal Ladybugs","Music",2006,"PG-13","English             "
"Vanishing Rocky","Music",2006,"NC-17","English             "
"Words Hunter","Music",2006,"PG","English             "
"Alaska Phantom","Music",2006,"PG","English             "
"Go Purple","Music",2006,"R","English             "
"Grosse Wonderful","Music",2006,"R","English             "
"Enemy Odds","Music",2006,"NC-17","English             "
"Dorado Notting","Music",2006,"NC-17","English             "
"Jawbreaker Brooklyn","Music",2006,"PG","English             "
"Runner Madigan","Music",2006,"NC-17","English             "
"Driving Polish","Music",2006,"NC-17","English             "
"Amelie Hellfighters","Music",2006,"R","English             "
"Won Dares","Music",2006,"PG","English             "
"Insider Arizona","Music",2006,"NC-17","English             "
"Freaky Pocus","Music",2006,"R","English             "
"Impact Aladdin","Music",2006,"PG-13","English             "
"Chamber Italian","Music",2006,"NC-17","English             "
"Alone Trip","Music",2006,"R","English             "
"Greatest North","Music",2006,"NC-17","English             "
"Boogie Amelie","Music",2006,"R","English             "
"Home Pity","Music",2006,"R","English             "
"Rebel Airport","Music",2006,"G","English             "
"Roman Punk","Music",2006,"NC-17","English             "
"Reds Pocus","Music",2006,"PG-13","English             "
"Song Hedwig","Music",2006,"PG-13","English             "
"Elf Murder","Music",2006,"NC-17","English             "
"Scalawag Duck","Music",2006,"NC-17","English             "
"Silence Kane","Music",2006,"R","English             "
"Telegraph Voyage","Music",2006,"PG","English             "
"Banger Pinocchio","Music",2006,"R","English             "
"Taxi Kick","Music",2006,"PG-13","English             "
"Confidential Interview","Music",2006,"NC-17","English             "
"Terminator Club","Music",2006,"R","English             "
"Balloon Homeward","Music",2006,"NC-17","English             "
"Oleander Clue","Music",2006,"PG","English             "
"Minority Kiss","Music",2006,"G","English             "
"Stock Glass","New",2006,"PG","English             "
"Eve Resurrection","New",2006,"G","English             "
"Ending Crowds","New",2006,"NC-17","English             "
"Hours Rage","New",2006,"NC-17","English             "
"Earth Vision","New",2006,"NC-17","English             "
"Eagles Panky","New",2006,"NC-17","English             "
"Idaho Love","New",2006,"PG-13","English             "
"Interview Liaisons","New",2006,"R","English             "
"Dragonfly Strangers","New",2006,"NC-17","English             "
"Jekyll Frogmen","New",2006,"PG","English             "
"Jumanji Blade","New",2006,"G","English             "
"Jungle Closer","New",2006,"NC-17","English             "
"Destiny Saturday","New",2006,"G","English             "
"Day Unfaithful","New",2006,"G","English             "
"Loverboy Attacks","New",2006,"PG-13","English             "
"Maiden Home","New",2006,"PG","English             "
"Mannequin Worst","New",2006,"PG-13","English             "
"Mask Peach","New",2006,"NC-17","English             "
"Mine Titans","New",2006,"PG-13","English             "
"Wild Apollo","New",2006,"R","English             "
"Money Harold","New",2006,"PG","English             "
"Nuts Ties","New",2006,"NC-17","English             "
"Oklahoma Jumanji","New",2006,"PG","English             "
"Clyde Theory","New",2006,"PG-13","English             "
"Cleopatra Devil","New",2006,"PG-13","English             "
"Phantom Glory","New",2006,"NC-17","English             "
"Pianist Outfield","New",2006,"NC-17","English             "
"Platoon Instinct","New",2006,"PG-13","English             "
"Pluto Oleander","New",2006,"R","English             "
"Chinatown Gladiator","New",2006,"PG","English             "
"Chaplin License","New",2006,"NC-17","English             "
"Redemption Comforts","New",2006,"NC-17","English             "
"Ridgemont Submarine","New",2006,"PG-13","English             "
"Run Pacific","New",2006,"R","English             "
"Runaway Tenenbaums","New",2006,"NC-17","English             "
"Butterfly Chocolat","New",2006,"G","English             "
"Salute Apollo","New",2006,"R","English             "
"Samurai Lion","New",2006,"G","English             "
"Butch Panther","New",2006,"PG-13","English             "
"Breaking Home","New",2006,"PG-13","English             "
"Breakfast Goldfinger","New",2006,"G","English             "
"Sleepy Japanese","New",2006,"PG","English             "
"Brannigan Sunrise","New",2006,"PG","English             "
"Boulevard Mob","New",2006,"R","English             "
"Sting Personal","New",2006,"NC-17","English             "
"Birds Perdition","New",2006,"G","English             "
"Wyoming Storm","New",2006,"PG-13","English             "
"Attraction Newton","New",2006,"PG-13","English             "
"Troopers Metal","New",2006,"R","English             "
"Unbreakable Karate","New",2006,"G","English             "
"Apocalypse Flamingos","New",2006,"R","English             "
"Vampire Whale","New",2006,"NC-17","English             "
"Vanished Garden","New",2006,"R","English             "
"Varsity Trip","New",2006,"NC-17","English             "
"Voice Peach","New",2006,"PG-13","English             "
"Angels Life","New",2006,"G","English             "
"Amistad Midsummer","New",2006,"G","English             "
"Wake Jaws","New",2006,"G","English             "
"Flash Wars","New",2006,"NC-17","English             "
"Flamingos Connecticut","New",2006,"PG-13","English             "
"Frontier Cabin","New",2006,"PG-13","English             "
"Fatal Haunted","New",2006,"PG","English             "
"Godfather Diary","New",2006,"NC-17","English             "
"Frisco Forrest","Sci-Fi",2006,"PG","English             "
"Raging Airplane","Sci-Fi",2006,"R","English             "
"License Weekend","Sci-Fi",2006,"NC-17","English             "
"Daisy Menagerie","Sci-Fi",2006,"G","English             "
"Barbarella Streetcar","Sci-Fi",2006,"G","English             "
"Identity Lover","Sci-Fi",2006,"PG-13","English             "
"English Bulworth","Sci-Fi",2006,"PG-13","English             "
"None Spiking","Sci-Fi",2006,"NC-17","English             "
"Married Go","Sci-Fi",2006,"G","English             "
"Guys Falcon","Sci-Fi",2006,"R","English             "
"Nemo Campus","Sci-Fi",2006,"NC-17","English             "
"Charade Duffel","Sci-Fi",2006,"PG","English             "
"Spirited Casualties","Sci-Fi",2006,"PG-13","English             "
"Trojan Tomorrow","Sci-Fi",2006,"PG","English             "
"Chariots Conspiracy","Sci-Fi",2006,"R","English             "
"Mourning Purple","Sci-Fi",2006,"PG","English             "
"Armageddon Lost","Sci-Fi",2006,"G","English             "
"Cheaper Clyde","Sci-Fi",2006,"G","English             "
"Hanky October","Sci-Fi",2006,"NC-17","English             "
"Silverado Goldfinger","Sci-Fi",2006,"PG","English             "
"Hollow Jeopardy","Sci-Fi",2006,"NC-17","English             "
"Badman Dawn","Sci-Fi",2006,"R","English             "
"Connecticut Tramp","Sci-Fi",2006,"R","English             "
"Titans Jerk","Sci-Fi",2006,"PG","English             "
"Crowds Telemark","Sci-Fi",2006,"R","English             "
"Metropolis Coma","Sci-Fi",2006,"PG-13","English             "
"Whisperer Giant","Sci-Fi",2006,"PG-13","English             "
"Soldiers Evolution","Sci-Fi",2006,"R","English             "
"Blindness Gun","Sci-Fi",2006,"PG-13","English             "
"Attacks Hate","Sci-Fi",2006,"PG-13","English             "
"Stallion Sundance","Sci-Fi",2006,"PG-13","English             "
"Camelot Vacation","Sci-Fi",2006,"NC-17","English             "
"Reign Gentlemen","Sci-Fi",2006,"PG-13","English             "
"Fiddler Lost","Sci-Fi",2006,"R","English             "
"Fish Opus","Sci-Fi",2006,"R","English             "
"Garden Island","Sci-Fi",2006,"G","English             "
"Chainsaw Uptown","Sci-Fi",2006,"PG","English             "
"Eyes Driving","Sci-Fi",2006,"PG-13","English             "
"Graffiti Love","Sci-Fi",2006,"PG","English             "
"Goodfellas Salute","Sci-Fi",2006,"PG","English             "
"Express Lonely","Sci-Fi",2006,"R","English             "
"Hamlet Wisdom","Sci-Fi",2006,"R","English             "
"Random Go","Sci-Fi",2006,"NC-17","English             "
"Cincinatti Whisperer","Sci-Fi",2006,"NC-17","English             "
"Weekend Personal","Sci-Fi",2006,"R","English             "
"Citizen Shrek","Sci-Fi",2006,"G","English             "
"Wonderland Christmas","Sci-Fi",2006,"PG","English             "
"Goldmine Tycoon","Sci-Fi",2006,"R","English             "
"Panther Reds","Sci-Fi",2006,"NC-17","English             "
"Bingo Talented","Sci-Fi",2006,"PG-13","English             "
"Dolls Rage","Sci-Fi",2006,"PG-13","English             "
"Suicides Silence","Sci-Fi",2006,"G","English             "
"Divide Monster","Sci-Fi",2006,"PG-13","English             "
"Beverly Outlaw","Sci-Fi",2006,"R","English             "
"Sun Confessions","Sci-Fi",2006,"R","English             "
"Coldblooded Darling","Sci-Fi",2006,"G","English             "
"Disturbing Scarface","Sci-Fi",2006,"R","English             "
"Annie Identity","Sci-Fi",2006,"G","English             "
"Open African","Sci-Fi",2006,"PG","English             "
"Vacation Boondock","Sci-Fi",2006,"R","English             "
"Unforgiven Zoolander","Sci-Fi",2006,"PG","English             "
"Dude Blindness","Sports",2006,"G","English             "
"Smoochy Control","Sports",2006,"R","English             "
"Rider Caddyshack","Sports",2006,"PG","English             "
"Records Zorro","Sports",2006,"PG","English             "
"Chance Resurrection","Sports",2006,"R","English             "
"Poseidon Forever","Sports",2006,"PG-13","English             "
"Pirates Roxanne","Sports",2006,"PG","English             "
"Squad Fish","Sports",2006,"PG","English             "
"Pickup Driving","Sports",2006,"G","English             "
"Philadelphia Wife","Sports",2006,"PG-13","English             "
"Star Operation","Sports",2006,"PG","English             "
"Perdition Fargo","Sports",2006,"NC-17","English             "
"Steers Armageddon","Sports",2006,"PG","English             "
"Peak Forever","Sports",2006,"PG","English             "
"Peach Innocent","Sports",2006,"PG-13","English             "
"Straight Hours","Sports",2006,"R","English             "
"Graceland Dynamite","Sports",2006,"R","English             "
"Novocaine Flight","Sports",2006,"G","English             "
"Northwest Polish","Sports",2006,"PG","English             "
"Talented Homicide","Sports",2006,"PG","English             "
"Aladdin Calendar","Sports",2006,"NC-17","English             "
"Neighbors Charade","Sports",2006,"R","English             "
"Mussolini Spoilers","Sports",2006,"G","English             "
"Mummy Creatures","Sports",2006,"NC-17","English             "
"Mother Oleander","Sports",2006,"R","English             "
"Mosquito Armageddon","Sports",2006,"G","English             "
"Congeniality Quest","Sports",2006,"PG-13","English             "
"Tights Dawn","Sports",2006,"R","English             "
"Mile Mulan","Sports",2006,"PG","English             "
"Tourist Pelican","Sports",2006,"PG-13","English             "
"Trading Pinocchio","Sports",2006,"PG","English             "
"Cranes Reservoir","Sports",2006,"NC-17","English             "
"Artist Coldblooded","Sports",2006,"NC-17","English             "
"Mermaid Insects","Sports",2006,"NC-17","English             "
"Crusade Honey","Sports",2006,"R","English             "
"Tuxedo Mile","Sports",2006,"R","English             "
"Loser Hustler","Sports",2006,"PG","English             "
"Gunfighter Mussolini","Sports",2006,"PG-13","English             "
"Liberty Magnificent","Sports",2006,"G","English             "
"Gleaming Jawbreaker","Sports",2006,"NC-17","English             "
"Lesson Cleopatra","Sports",2006,"NC-17","English             "
"Kramer Chocolate","Sports",2006,"R","English             "
"Evolution Alter","Sports",2006,"PG-13","English             "
"Anonymous Human","Sports",2006,"NC-17","English             "
"Victory Academy","Sports",2006,"PG-13","English             "
"Joon Northwest","Sports",2006,"NC-17","English             "
"Divorce Shining","Sports",2006,"G","English             "
"Driver Annie","Sports",2006,"PG-13","English             "
"Jade Bunch","Sports",2006,"NC-17","English             "
"Groove Fiction","Sports",2006,"NC-17","English             "
"Drop Waterfront","Sports",2006,"R","English             "
"Exorcist Sting","Sports",2006,"G","English             "
"Slipper Fidelity","Sports",2006,"PG-13","English             "
"Instinct Airport","Sports",2006,"PG","English             "
"Flight Lies","Sports",2006,"R","English             "
"Flatliners Killer","Sports",2006,"G","English             "
"Durham Panky","Sports",2006,"R","English             "
"Image Princess","Sports",2006,"PG-13","English             "
"Hysterical Grail","Sports",2006,"PG","English             "
"Honey Ties","Sports",2006,"R","English             "
"Elizabeth Shane","Sports",2006,"NC-17","English             "
"Holes Brannigan","Sports",2006,"PG","English             "
"Shakespeare Saddle","Sports",2006,"PG-13","English             "
"Sense Greek","Sports",2006,"R","English             "
"Secretary Rouge","Sports",2006,"PG","English             "
"Bubble Grosse","Sports",2006,"R","English             "
"Seabiscuit Punk","Sports",2006,"NC-17","English             "
"Sierra Divide","Sports",2006,"NC-17","English             "
"Saturday Lambs","Sports",2006,"G","English             "
"Satisfaction Confidential","Sports",2006,"G","English             "
"California Birds","Sports",2006,"NC-17","English             "
"Roses Treasure","Sports",2006,"PG-13","English             "
"Caribbean Liberty","Sports",2006,"NC-17","English             "
"River Outlaw","Sports",2006,"PG-13","English             "
"Others Soup","Travel",2006,"PG","English             "
"Escape Metropolis","Travel",2006,"R","English             "
"Outlaw Hanky","Travel",2006,"PG-13","English             "
"Games Bowfinger","Travel",2006,"PG-13","English             "
"Factory Dragon","Travel",2006,"PG-13","English             "
"Coma Head","Travel",2006,"NC-17","English             "
"Born Spinal","Travel",2006,"PG","English             "
"Order Betrayed","Travel",2006,"PG-13","English             "
"Kick Savannah","Travel",2006,"PG-13","English             "
"Casablanca Super","Travel",2006,"G","English             "
"Haunted Antitrust","Travel",2006,"NC-17","English             "
"Italian African","Travel",2006,"G","English             "
"Shawshank Bubble","Travel",2006,"PG","English             "
"Papi Necklace","Travel",2006,"PG","English             "
"Bucket Brotherhood","Travel",2006,"PG","English             "
"Drumline Cyclone","Travel",2006,"G","English             "
"Bird Independence","Travel",2006,"G","English             "
"Shining Roses","Travel",2006,"G","English             "
"Shanghai Tycoon","Travel",2006,"PG","English             "
"Shane Darkness","Travel",2006,"PG","English             "
"Smile Earring","Travel",2006,"G","English             "
"Stone Fire","Travel",2006,"G","English             "
"Fellowship Autumn","Travel",2006,"NC-17","English             "
"Traffic Hobbit","Travel",2006,"G","English             "
"Wolves Desire","Travel",2006,"NC-17","English             "
"Arsenic Independence","Travel",2006,"PG","English             "
"Contact Anonymous","Travel",2006,"PG-13","English             "
"Cassidy Wyoming","Travel",2006,"NC-17","English             "
"Tomatoes Hellfighters","Travel",2006,"PG","English             "
"Enough Raging","Travel",2006,"NC-17","English             "
"Moulin Wake","Travel",2006,"PG-13","English             "
"Muscle Bright","Travel",2006,"G","English             "
"Window Side","Travel",2006,"R","English             "
"Trouble Date","Travel",2006,"PG","English             "
"Teen Apollo","Travel",2006,"G","English             "
"Basic Easy","Travel",2006,"PG-13","English             "
"Igby Maker","Travel",2006,"NC-17","English             "
"Madigan Dorado","Travel",2006,"R","English             "
"Boiled Dares","Travel",2006,"PG","English             "
"Worker Tarzan","Travel",2006,"R","English             "
"Lock Rear","Travel",2006,"R","English             "
"Desperate Trainspotting","Travel",2006,"G","English             "
"Sweet Brotherhood","Travel",2006,"R","English             "
"Comforts Rush","Travel",2006,"NC-17","English             "
"Speed Suit","Travel",2006,"PG-13","English             "
"Frogmen Breaking","Travel",2006,"R","English             "
"Liaisons Sweet","Travel",2006,"PG","English             "
"Boondock Ballroom","Travel",2006,"NC-17","English             "
"Superfly Trip","Travel",2006,"PG","English             "
"Valentine Vanishing","Travel",2006,"PG-13","English             "
"Leathernecks Dwarfs","Travel",2006,"PG-13","English             "
"Gump Date","Travel",2006,"NC-17","English             "
"Horror Reign","Travel",2006,"R","English             "
"Fugitive Maguire","Travel",2006,"R","English             "
"Disciple Mother","Travel",2006,"PG","English             "
"Expecations Natural","Travel",2006,"PG-13","English             "
"Working Microcosmos","Travel",2006,"R","English             "
NULL,NULL,NULL,NULL,"Mandarin            "
NULL,NULL,NULL,NULL,"German              "
NULL,NULL,NULL,NULL,"Italian             "
NULL,NULL,NULL,NULL,"French              "
NULL,NULL,NULL,NULL,"Japanese            "
